degree,alpha,train_mse,val_mse,val_std
5,0.003,0.16873426724063798,0.3125642587629942,0.03165059677748573
5,0.005,0.18584074156636057,0.2980073222603212,0.03154257448639525
5,0.0075,0.1988563214154834,0.294086595547576,0.03354576202972294
5,0.01,0.2082529496571744,0.2939694096079286,0.03536998173405277
5,0.015,0.22526140245324186,0.30201448204627723,0.040657133803761104
5,0.02,0.24253690408922765,0.31689774925095826,0.04890923223415809
6,0.003,0.14619260421027805,0.3634709390302952,0.053465867589678195
6,0.005,0.1686351600600145,0.3240328563308642,0.04305734999171048
6,0.0075,0.18617867913762903,0.31214153566222563,0.03846244344954614
6,0.01,0.1996660061215476,0.3106739247649394,0.03627072573203071
6,0.015,0.22001504406396352,0.31346724769968287,0.04013306672759756
6,0.02,0.23823443708833306,0.328490374744956,0.04869755515799447
7,0.003,0.12762023709864453,0.42077135606801824,0.05132121420695309
7,0.005,0.1531205603110381,0.35469865368416575,0.04989476130862287
7,0.0075,0.1741745742464159,0.3327892190969652,0.04976732346379632
7,0.01,0.18858749344453868,0.32766024998762716,0.052448698264247334
7,0.015,0.2108553403485179,0.32814386540080115,0.05586159759479587
7,0.02,0.23053216313574426,0.34074644432993917,0.0605154104777857
