degree,l1_ratio,alpha,train_mse,val_mse,val_std
8,0.1,0.0005,0.19196210943380818,0.30159235897848846,0.05315995600982562
8,0.3,0.0005,0.19033202172290017,0.2988899052868633,0.04973563263629849
8,0.5,0.0005,0.19339313400889785,0.3047125030208017,0.055997138101579
8,0.1,0.001,0.20410869416265512,0.31166381433688123,0.056846978854565584
8,0.3,0.001,0.20296897123065463,0.3083899674462306,0.052182788270836944
8,0.5,0.001,0.20545832549958234,0.31067616387742975,0.052117949018732616
8,0.1,0.002,0.22143809799715808,0.33022722506559143,0.06616679954683194
8,0.3,0.002,0.22107828785985023,0.32700970084848585,0.06195303703295528
8,0.5,0.002,0.2247244036241202,0.33160289307433094,0.06263676683562959
8,0.1,0.004,0.24654997969320583,0.3584623369960488,0.07879683788380389
8,0.3,0.004,0.25048066081355613,0.35807838204062187,0.07252379944229806
8,0.5,0.004,0.25391723336336064,0.3598945815908307,0.07359253361049524
8,0.1,0.008,0.2830613902657731,0.3990032731485909,0.0897056042093593
8,0.3,0.008,0.2927777759111966,0.41026419903152284,0.09517620258332424
8,0.5,0.008,0.3001707696841677,0.4182928172212866,0.09738835480696016
10,0.1,0.0005,0.16466107555142084,0.27826716147298447,0.03593134903466723
10,0.3,0.0005,0.16737774287610618,0.2858757493679773,0.05371782320905965
10,0.5,0.0005,0.17106484925753962,0.287721751916249,0.05539210520212545
10,0.1,0.001,0.17257505459954461,0.27857755125472744,0.040667035532713815
10,0.3,0.001,0.17582344854632428,0.28395969146208616,0.05135814842744863
10,0.5,0.001,0.17989942029206754,0.2882120095081862,0.05556175903576516
10,0.1,0.002,0.1822770524281371,0.280845225509706,0.043989278006426796
10,0.3,0.002,0.18619353679244813,0.2834095637936967,0.0451272035861334
10,0.5,0.002,0.19041331285496627,0.2913927644611463,0.057782286201044926
10,0.1,0.004,0.1962393508579542,0.2910205972727548,0.051620704216745736
10,0.3,0.004,0.20275805900071772,0.2959083916521125,0.05134550576724865
10,0.5,0.004,0.20822968814051812,0.30225311114653086,0.05489691123154451
10,0.1,0.008,0.21678311749511733,0.3112804399429699,0.06499234706360042
10,0.3,0.008,0.22804036687399046,0.32167643429281795,0.06195723396942329
10,0.5,0.008,0.23873520830672776,0.33459613304295377,0.06240985290097255
