subset,degree,train_mse,val_mse,val_std,val_r2
x1,1,49.729573612476464,50.03719453490598,7.768518609683668,-0.004690870821578397
x1,2,45.346869416527944,45.71897391226716,7.4992330461282855,0.08272558712568699
x1,3,45.20515765224991,45.68913399100558,7.732851271366366,0.0839176571949107
x1,4,45.004117074332314,45.53606479753806,7.691478610214079,0.08692248416205318
x1,5,44.901049374197996,45.49339502667713,7.7215433773257836,0.08787954161791281
x1,6,44.88952310638793,45.56984319500802,7.732406706322048,0.08634296783604319
x1,7,44.69781310361405,45.5039386958694,7.788368453689786,0.0878041827217122
x1,8,44.692290603527155,45.554573694440805,7.7630765451236,0.08667622429496326
x1,9,44.66767831077843,45.63195208578795,7.840097806132755,0.08535261195479411
x1,10,44.658757911646276,45.704636221068235,7.86018460933602,0.08391256623343336
x1,11,44.65122072965573,45.77040962643246,7.88243506750179,0.0826648913818259
x1,12,44.63900523303299,45.79924736634311,7.8832459642601584,0.08209155401835469
x1,13,44.6173916720602,45.86290286196405,7.853510912931196,0.08071520076333392
x1,14,44.56881008822612,45.848887317224964,7.82566191486306,0.08095729424238693
x1,15,44.55929433387845,45.93196051304158,7.817993182985942,0.07926399937906699
x1,16,44.53067578283719,46.04987048780005,7.75484388365635,0.07662294119496851
x1,17,44.52141409513555,46.06205493595094,7.713719997557955,0.07625245161986006
x1,18,44.51438610561017,46.08033588446879,7.719246066716091,0.07589778163229619
x1,19,44.31668156214216,46.03602400071586,7.554596450311684,0.07627520074668931
x1,20,44.312386011730034,46.05556303310414,7.571004322867382,0.07593152474681696
x2,1,37.5625216449353,37.737578458773534,5.303578709371065,0.23894815352946758
x2,2,36.857732958087816,37.12406363416984,5.188201931833779,0.2514969867293341
x2,3,34.54031812875637,34.83562207746905,4.635896417618418,0.2962741871530928
x2,4,34.454764652230665,34.80476282187114,4.583943086959175,0.2967895323645166
x2,5,34.01423772790226,34.4373824161969,4.2770300731468565,0.3036320972072474
x2,6,33.989889837104336,34.467714972713345,4.283004512286919,0.30299149837408307
x2,7,33.90785962645224,34.459463305348564,4.2557166358944505,0.3032530112413257
x2,8,33.86494260928467,34.5372566047512,4.221125781183804,0.30155145854861054
x2,9,33.84302270636798,34.60161039517423,4.2776726510892775,0.3004107114046298
x2,10,33.822252327386714,34.66476585913308,4.253349478521566,0.29903349788828465
x2,11,33.791271495519744,34.78023764817301,4.2662883368686115,0.29673172059671377
x2,12,33.77293115674963,34.823363877435234,4.215096363732038,0.2957205231756987
x2,13,33.75497601305896,34.94493454016689,4.201134684001179,0.2932199806259888
x2,14,33.74792478294666,35.00732788094706,4.188357142246259,0.2918810747469912
x2,15,33.67354084533216,35.02903106991008,4.114005709335808,0.2913364744388158
x2,16,33.66472374152283,35.10340311576456,4.098178619442726,0.28972069934999384
x2,17,33.62290129942134,35.08235772224417,4.0884964609583285,0.2901603130639581
x2,18,33.620004126413946,35.086425940192875,4.078824450090753,0.29003601182196737
x2,19,33.39279820670044,34.95220421379964,4.167174132651349,0.2930601210749407
x2,20,33.38945314704192,34.954867555274824,4.158831939631502,0.29297424405943256
x3,1,48.29098803360624,48.475943536153075,7.680640133414579,0.026818603923472652
x3,2,48.21171094663418,48.48520601382254,7.635164688189482,0.02654312117660275
x3,3,47.64357534857343,48.06417632667571,7.700950643799846,0.03501715770201397
x3,4,47.63265723239313,48.163847083218954,7.754333705856185,0.03306772644566891
x3,5,47.621382814311886,48.23818521786685,7.759604256836102,0.03153649102953541
x3,6,47.61013450726794,48.26242193063101,7.7958405760901455,0.031134444763873118
x3,7,47.59475754059486,48.335904295368636,7.728289738316942,0.02937332221569981
x3,8,47.551606783293956,48.4524649224522,7.636499736951813,0.026642856808480473
x3,9,47.53843587527298,48.56522099834974,7.64142901474085,0.024344975705373032
x3,10,47.52642916534062,48.64465078081964,7.65311379070135,0.022724936851317254
x3,11,47.516625070897696,48.72299162594917,7.660558383654297,0.02116371973220508
x3,12,47.51000861080844,48.75674190442768,7.662591274744251,0.02050163704054948
x3,13,47.48801638691631,48.8818200605904,7.665032900128399,0.017949561910329228
x3,14,47.467576730899935,48.9645445054869,7.72471094143697,0.016417789090352814
x3,15,47.44229975625487,48.970912500639265,7.7348965921086945,0.016355882663656528
x3,16,47.43017690123249,49.03681961568014,7.682200375636593,0.014802497950173032
x3,17,47.442188690166816,49.06131827338869,7.67730536857265,0.014279614408622413
x3,18,47.44054282532664,49.105744880955726,7.719876123310572,0.013487265116030666
x3,19,47.33775456671535,49.21113739272916,7.503467584939606,0.010632519191730139
x3,20,47.325867969294876,49.25324945948239,7.560263373302554,0.009919292607423384
x1+x2,1,37.433709438364154,37.71640607627736,5.490946834752599,0.24009855942355254
x1+x2,2,25.67339563413975,26.145679243621615,3.750887113727693,0.472997771251787
x1+x2,3,20.36686493969719,20.932060880093676,2.721698426067087,0.5766950037386314
x1+x2,4,18.940877064366052,19.702002847487336,2.496247608058744,0.6009567980084999
x1+x2,5,17.852608428131784,18.88130366729182,2.5275844202147137,0.61739036933006
x1+x2,6,17.58866014956648,18.922769698714237,2.4886730818066822,0.6164901830424915
x1+x2,7,17.331376079261045,19.155170263713934,2.528165956066426,0.61162715029844
x1+x2,8,17.134346833038368,19.473739388412312,2.4796355349343946,0.6046045509091719
x1+x2,9,16.94086381464996,19.91384074860751,2.5493063154699844,0.595307490951876
x1+x2,10,16.60586327046404,20.214058792958912,2.7422096408332846,0.5886173265386551
x1+x2,11,16.361097833219205,20.614510726594336,2.8883149588843047,0.5796975390508522
x1+x2,12,16.15225213189485,21.067332721470123,2.9514004751535157,0.5698269986765524
x1+x2,13,15.87971176645308,21.735504264284888,3.2462900226590192,0.555068010152619
x1+x2,14,15.643299280292052,22.431254980436236,3.413660621527423,0.5402364546066728
x1+x2,15,15.312822598180585,23.36555758874569,3.51679406403861,0.5215969836019995
x1+x2,16,14.963390376096665,24.25579423954147,4.188873688189284,0.5038010336707086
x1+x2,17,14.767304717228301,24.628354287527106,4.1569883264019385,0.49644474589045456
x1+x2,18,14.570355051748198,25.537395662363483,4.906115630721687,0.47619763844586066
x1+x2,19,14.335959062552286,26.338007011340586,4.737306663561545,0.46173549911736844
x1+x2,20,14.184817349068535,27.256030855047808,6.077055140877428,0.4385084091747757
x1+x3,1,48.17329839128713,48.58936222952493,8.065680575441649,0.025457829870188128
x1+x3,2,42.92352861828604,43.67390901740479,7.028005693876682,0.12288308051014614
x1+x3,3,41.30786470392307,42.767500697592915,7.551437417781527,0.14269589446494665
x1+x3,4,37.081785589066904,38.911854345289946,7.469871177825414,0.2213023185869319
x1+x3,5,36.75649059415135,39.152970681743845,7.657424498411537,0.21687728334001513
x1+x3,6,36.172225904306835,39.239400537807036,8.031927575319521,0.21602508649936455
x1+x3,7,35.91959652461833,40.01752248598853,8.576112902253223,0.20131737223485296
x1+x3,8,35.705430737567845,40.910661566839586,9.01412721143226,0.18411454566076196
x1+x3,9,35.432782134102254,41.966428101066036,9.336514460847203,0.1629768269261333
x1+x3,10,35.0981225825618,43.02972114066576,9.81867523389417,0.1418605587570678
x1+x3,11,34.78075892869852,44.05933861515485,10.153101050633861,0.12144548565062063
x1+x3,12,34.29063363797404,44.71381611739389,10.502997035548885,0.10927683301932782
x1+x3,13,33.751015897121455,45.95659065987791,10.271741932286774,0.08379923536837461
x1+x3,14,32.83629954233782,46.77184662030034,10.474973991507168,0.06730894878508999
x1+x3,15,32.12717358975115,48.210902719478824,9.890356977848821,0.03559598513999548
x1+x3,16,31.602995556058836,52.77502106311928,11.741359263595585,-0.0633413470517879
x1+x3,17,31.42113437050112,53.42175063187632,8.441433605586132,-0.08314048518975142
x1+x3,18,31.061558660061188,64.05388660040792,31.71179977538122,-0.31616740044344155
x1+x3,19,30.799716214501302,62.0080217265174,19.063446204208816,-0.2656983537524216
x1+x3,20,30.60214438357786,66.92550281634549,28.165832394321505,-0.3808209694665265
x2+x3,1,36.04873830714502,36.314594104215985,5.495880725621887,0.26887138751144435
x2+x3,2,34.13469536218113,34.87662223233454,4.241311848628969,0.2948467441880375
x2+x3,3,26.20845852345644,27.2559961636804,2.631566595430866,0.44483575941890907
x2+x3,4,25.001245406614895,26.57158093739112,3.1856611151009515,0.46060050765194444
x2+x3,5,24.589785738036955,26.645985093611827,3.2086725236342026,0.4591289670425625
x2+x3,6,24.317463390331973,26.950639019298603,3.462231805756992,0.4530244514999376
x2+x3,7,23.80699536777671,26.967985982200545,3.5078941078412154,0.4531851817848935
x2+x3,8,23.490148190003644,27.31916589652009,3.6102251425337974,0.4461535074585234
x2+x3,9,23.24075163359088,27.85856158569121,3.59272401031025,0.4350263236331976
x2+x3,10,22.916441650755008,28.34681243610255,3.7530087122518845,0.4248598397550697
x2+x3,11,22.578186026542614,29.25812406414405,4.004321576254066,0.4058248249351817
x2+x3,12,22.32987858331028,30.281474624036854,4.410265045561984,0.3842467967576655
x2+x3,13,21.897610359964805,31.164371821263718,5.041638249578467,0.3664430294593481
x2+x3,14,21.338399167685242,34.42233432279829,8.905748966719644,0.29639999147836776
x2+x3,15,21.000844387053565,41.05001315416899,19.797700209443438,0.15548426806223414
x2+x3,16,20.50371545929874,44.018115838484654,26.58764824304898,0.0952408241817151
x2+x3,17,20.285643804152375,50.94125542967895,37.70755594724124,-0.06017016727768746
x2+x3,18,20.084467818487056,63.927332385514234,74.43011325962095,-0.32257606057087723
x2+x3,19,19.851799712012888,73.04454479581017,91.88670173483646,-0.5097782337218639
x2+x3,20,19.78142162304655,88.87902802315858,123.36031353126754,-0.8255783781958959
x1+x2+x3,1,35.935687534161936,36.31081593748294,5.699697928934874,0.2696275728164496
x1+x2+x3,2,22.525277145022418,23.34013878062215,2.7310979268307674,0.5268857682236775
x1+x2+x3,3,11.428531232702825,12.406005636319076,1.609727319397684,0.7471246727493708
x1+x2+x3,4,3.345829848164836,3.8457599094867927,0.602356529013866,0.9215230444579768
x1+x2+x3,5,1.180499206327903,1.4675358782763928,0.24865163786950908,0.970244872130084
x1+x2+x3,6,0.40185969394388077,0.5739562224837598,0.11999825700232634,0.9882891785366507
x1+x2+x3,7,0.2266280719849054,0.3420963636064792,0.04719984406700641,0.9930125427845096
x1+x2+x3,8,0.16799030288519923,0.2949194236928622,0.0309450976356621,0.9939643469545858
x1+x2+x3,9,0.1475108439734714,0.3323719615690701,0.03678945886993528,0.9932060668983361
x1+x2+x3,10,0.1296015556911696,0.37714961496340815,0.047814568920486133,0.9922784048291935
x1+x2+x3,11,0.10923780517498423,0.6054582776454733,0.19079985222566545,0.9876050872746985
x1+x2+x3,12,0.085749981903414,3.7856359413668303,6.291494069622218,0.9282146485713844
