model,degree,alpha,train_mse,val_mse,val_std
Ridge,6,0.0001,0.4018596952441794,0.5739539059210375,0.11999876914087457
Ridge,6,0.00031622776601683794,0.40185970693943024,0.5739489116094157,0.11999987988212558
Ridge,6,0.001,0.4018598236648139,0.5739332505261775,0.12000342246768798
Ridge,6,0.0031622776601683794,0.4018609837943423,0.5738850385282365,0.12001492362086402
Ridge,6,0.01,0.40187236544300664,0.5737453833398418,0.12005419813549277
Ridge,6,0.03162277660168379,0.4019797546824584,0.5734224083601814,0.12020511252843938
Ridge,6,0.1,0.4028909694423567,0.5733534043293553,0.12089245085712913
Ridge,6,0.31622776601683794,0.40903426947193744,0.5785899646468319,0.12421634394059765
Ridge,6,1.0,0.43808852163004613,0.6114933953157041,0.13785074950717005
Ridge,6,3.1622776601683795,0.5308537900047472,0.721569277429522,0.17760502685326365
Ridge,6,10.0,0.7549258923661262,0.9815781152506667,0.2521035818703686
Ridge,6,31.622776601683793,1.2261164461210625,1.5090808829428932,0.35646614216851685
Ridge,6,100.0,2.162517829795625,2.522273065196276,0.4981968341324848
Ridge,8,0.0001,0.16799050709361774,0.29485846787428793,0.03099776331431853
Ridge,8,0.00031622776601683794,0.1679922912897757,0.2947308504874992,0.031109973961842268
Ridge,8,0.001,0.16800864635664628,0.29436145436995687,0.03145081137002033
Ridge,8,0.0031622776601683794,0.16813677395091825,0.2934545888989272,0.032413709477235327
Ridge,8,0.01,0.1688580412798711,0.2919484557917814,0.03476777515046147
Ridge,8,0.03162277660168379,0.17140493721324981,0.29102356793237755,0.039565682144054676
Ridge,8,0.1,0.17728541034038975,0.29283912310159615,0.046787387803113714
Ridge,8,0.31622776601683794,0.18826527883921232,0.29945967117879235,0.052857165304316465
Ridge,8,1.0,0.20769245973432368,0.31626575442634547,0.06012222126198456
Ridge,8,3.1622776601683795,0.2425304151487408,0.3541982751603406,0.07683895237859929
Ridge,8,10.0,0.3118587418260292,0.43391043787236766,0.10135990223213744
Ridge,8,31.622776601683793,0.485013878837649,0.6343070161107492,0.14531654796275542
Ridge,8,100.0,0.9409554520298417,1.150590681393359,0.2270299560718285
Ridge,10,0.0001,0.12967952935914986,0.369523597287085,0.04522518017903085
Ridge,10,0.00031622776601683794,0.13003183708010177,0.3592913055620863,0.04220667528802591
Ridge,10,0.001,0.13119832349218308,0.3442327188810828,0.038848315727717804
Ridge,10,0.0031622776601683794,0.13375326335603346,0.32802123253873994,0.03589458962122691
Ridge,10,0.01,0.13801169235059904,0.3116399678555164,0.03199217549606114
Ridge,10,0.03162277660168379,0.1440591319684979,0.29587504234131684,0.027793251596593637
Ridge,10,0.1,0.15192826982316956,0.28466735520074665,0.028080391298370998
Ridge,10,0.31622776601683794,0.16171533323339543,0.27897026057059804,0.035520471397189356
Ridge,10,1.0,0.17403811187824184,0.2787097222311229,0.043518209563787755
Ridge,10,3.1622776601683795,0.19209230455024723,0.2889095724747347,0.05344766650613157
Ridge,10,10.0,0.2268043318277644,0.32184028780296087,0.06660777458783883
Ridge,10,31.622776601683793,0.31274355717298286,0.413414899057985,0.0777758728316457
Ridge,10,100.0,0.5507899851537734,0.6805699672656718,0.11510453974414846
Ridge,12,0.0001,0.09389310308977783,0.9930571411471991,1.1340497763863346
Ridge,12,0.00031622776601683794,0.09962361322142366,0.6421436044640284,0.4026295018139651
Ridge,12,0.001,0.10620664810858362,0.4727691681262867,0.1212656782285715
Ridge,12,0.0031622776601683794,0.11367803355999759,0.39435609188783954,0.047882658415602894
Ridge,12,0.01,0.1220923741545059,0.3562929598432666,0.038934221977341074
Ridge,12,0.03162277660168379,0.13088440790235384,0.33112975011942053,0.035885715239548976
Ridge,12,0.1,0.13986990932144192,0.30860897212640614,0.030300624678763224
Ridge,12,0.31622776601683794,0.14996572722973944,0.29053201102252996,0.027196181282260264
Ridge,12,1.0,0.16233125608515164,0.2811210572497666,0.03298331314645541
Ridge,12,3.1622776601683795,0.17915674120046443,0.2839040436825757,0.046910473500216876
Ridge,12,10.0,0.20790567466972268,0.30559897877581343,0.062185981989448455
Ridge,12,31.622776601683793,0.27324111000266854,0.3676001786461129,0.0638399354160775
Ridge,12,100.0,0.4389738473757324,0.5417503922619644,0.07456643460707321
Ridge,14,0.0001,0.0745170876131362,3.3477923763319306,6.408619114221978
Ridge,14,0.00031622776601683794,0.08308748647382026,1.747766327690013,2.829781378053774
Ridge,14,0.001,0.09199921233830641,0.9770220017812579,1.1739997214503708
Ridge,14,0.0031622776601683794,0.10107959115569555,0.6123613682237118,0.4215272676982634
Ridge,14,0.01,0.11039457268203338,0.4474125399484533,0.1291628186006851
Ridge,14,0.03162277660168379,0.12015160192641584,0.37905199966376707,0.0546104906249314
Ridge,14,0.1,0.1303454501461529,0.34387684691217063,0.042320265954568385
Ridge,14,0.31622776601683794,0.1411565573758164,0.31665930928658526,0.03490886076459754
Ridge,14,1.0,0.15399270575255428,0.29656038979037114,0.030831909175945207
Ridge,14,3.1622776601683795,0.17148947006291893,0.2918078715750479,0.0407500222646941
Ridge,14,10.0,0.20071750126526638,0.3113822522011504,0.0638202799094147
Ridge,14,31.622776601683793,0.2620410314933574,0.3670973221153209,0.06781141351733129
Ridge,14,100.0,0.4063929176301722,0.5101455515786671,0.060564277963263614
Lasso,6,0.0001,0.4021026979740217,0.5745030481448474,0.12141533643193192
Lasso,6,0.0003,0.40392526806065987,0.5771733640221081,0.12456031893692136
Lasso,6,0.001,0.4191258982161879,0.5953369433217175,0.13751221963640564
Lasso,6,0.003,0.4812348691871414,0.6638151007884905,0.16697138004607845
Lasso,6,0.01,0.6938166170260041,0.9137184563566692,0.23348788114761912
Lasso,6,0.03,1.165652609884687,1.453306429561834,0.3545403979737713
Lasso,6,0.1,2.344572248064964,2.7819607134175572,0.548046255209797
Lasso,8,0.0001,0.17387586523675788,0.29256506295214474,0.04262601306355458
Lasso,8,0.0003,0.1867481929969701,0.2982754340517867,0.04418577192561473
Lasso,8,0.001,0.21210811946805228,0.31881792114295515,0.05339657591657419
Lasso,8,0.003,0.251519825930493,0.3577471371215005,0.07082532352515616
Lasso,8,0.01,0.3574263871198565,0.4846639462536461,0.10237234483570183
Lasso,8,0.03,0.6213253630724559,0.7917782960499304,0.17258980772676774
Lasso,8,0.1,1.3277266223489905,1.6435059648497181,0.3073231953519432
Lasso,10,0.0001,0.15266583490673888,0.28962543613107794,0.03323973338662812
Lasso,10,0.0003,0.16548931449235577,0.28124493685951535,0.037298595503308704
Lasso,10,0.001,0.18465847202801333,0.28652474128285754,0.04386361663167864
Lasso,10,0.003,0.20985358554808897,0.30628869065656106,0.050282228703052864
Lasso,10,0.01,0.28934655413814764,0.3996433086889739,0.06876166949705502
Lasso,10,0.03,0.5076938590007444,0.6712199952309461,0.12849501031464525
Lasso,10,0.1,1.1046520214896172,1.4022863034462736,0.25155960978248953
Lasso,12,0.0001,0.14305133146297017,0.3056359325230121,0.028662016924933295
Lasso,12,0.0003,0.15743151563469127,0.28863920895096035,0.03418354902880388
Lasso,12,0.001,0.17621227241955048,0.2857833201607603,0.03917260445532795
Lasso,12,0.003,0.20269087711888997,0.30838700640880945,0.04966858538360564
Lasso,12,0.01,0.2793457241606857,0.39274146037067986,0.05529698020998824
Lasso,12,0.03,0.4761869239258615,0.6299919702989065,0.11896406670690858
Lasso,12,0.1,1.0342113063818996,1.3358733148698443,0.241121883341491
