x1,x2,x3,y
-0.26426354696445675,-1.0,0.32587467237633483,2.6530288980618635
-0.8555481155820028,-0.17919808578329355,-0.8223826808472208,2.1719195848280286
0.1951602271829873,-0.5558238778799423,0.08646586992840022,1.2204450485759508
-0.24424941505052256,-0.05276301852838117,-0.05223269105757167,1.2738348523448781
0.721520376882465,0.8009513097702752,-1.0,1.8263244197808444
0.6178772278259301,-0.3571281913419633,0.6009183190615184,1.2230656877889667
0.24738073269822758,0.0921303886194833,-0.38358714855661424,0.8427052727803739
-1.0,-0.8722447081109714,0.7131409500612225,11.422614586155001
-0.599263730572914,0.30492808093169566,0.311303747845747,-2.4529444056108622
0.06486164497998659,-0.032799794689661876,-0.12547093842983825,1.27155320194803
0.248688478253968,-0.6946248305777194,-0.8755331473483239,-3.6193590597019165
-0.18539260534033808,-0.177660995234725,0.6254628820625312,0.3898209889194284
-0.4706339890289375,0.19044797184314843,-1.0,-1.5966484877923839
-0.15897060403641206,1.0,-0.12122367477430451,8.11294899257676
0.3882710432859251,-0.028620698801145705,-1.0,-2.674727482989461
-0.9871956896807998,0.529380824560757,-1.0,16.391751837582166
-0.20859901925284796,-0.8874691700542989,0.15890425708759692,2.060280813108401
0.43093091745871837,0.39724793236570455,0.6537486862176862,1.1192033102474774
-1.0,-0.42020778969013306,0.7301410072295078,0.524088145623727
0.0906917289196949,0.8328959740577597,-0.1643128868727064,2.466924221602712
-0.20357426491296482,-0.13451514260867548,0.6288009485450048,0.39672219366508876
0.1750838719818777,0.8662451956941566,0.24555375901713594,3.8101509007935115
1.0,0.002973384876067353,0.183096525182753,4.763961586898692
-0.03911023157887317,0.06044459443776784,0.35412107899257994,0.9809865333473311
-1.0,0.13222003272693494,0.79525153636903,-2.7768109507285197
-1.0,-0.9452596846264067,0.8583118296078434,17.16888857790823
0.634090822843651,-0.429823068168278,-1.0,-4.813738228319361
-1.0,0.6667004962449696,1.0,8.155015727575393
0.2715121455581728,-0.018805147812817724,0.44508985587260264,1.7682940197753525
0.4211787375941154,0.7229820981538209,0.3422025516082068,1.8603292680054009
-0.03469949070787082,0.7069718916182071,-0.18233452328446131,1.03734434648097
1.0,-0.6462924561155357,0.16670313814172766,2.3902853689154173
0.07440157221616417,-0.8827234847110028,-0.5590002548271105,1.0231787662647842
1.0,-1.0,0.24274410077262498,-8.278359714951485
1.0,-0.28940111890878617,-0.18948114742975375,4.492279619396099
-0.48284458644077066,-0.08664504169980236,-0.1440199509825364,-0.6193194530903725
-0.8142815084427684,-1.0,0.05846301296010514,5.833674584582298
0.09119705223702401,-1.0,-0.3992184564514063,0.7100451848777717
0.3292552995080771,-0.7694133329759265,0.4470802016273143,1.4402358566739202
-0.47135316365224944,-0.46389704943596843,-0.41478796218448344,0.6209980052154305
0.5401216593990772,-0.2993647878821122,-0.33548848646120244,1.200570780934328
0.9678700979591968,-0.25286928689262056,-0.7443741393630392,6.169595604327425
-0.14975706988144188,-1.0,-0.42296359782444215,1.2715647807943333
0.9407402336858799,0.9792675503088784,1.0,22.539292477277005
-1.0,0.13158042822931426,1.0,2.9528480632682705
-0.07597056248288436,-0.06548579687745337,0.9465287008752812,-0.7097565203908974
0.8717145263647887,-0.587125525708506,0.358623495737451,2.029564316601239
-1.0,-0.3070705173242678,0.4528372204846698,-2.016457894278297
-0.7718002915814741,-0.858637894788385,1.0,5.523498914452928
0.24579750045008075,0.15911233365048738,-0.30525569682554954,0.6591599013788756
0.35937749886631787,-0.5309905758674147,0.1996258956963779,0.6419663948614425
0.5975582368356624,1.0,-1.0,9.245114274152266
0.2527928434377622,1.0,0.8177970334312736,8.859673863943724
1.0,-1.0,-1.0,-30.121081859127646
0.6607186118698587,0.37453551693660847,0.3262344851673329,1.7228094469095137
-0.399627747094083,0.07928660645451635,-1.0,-2.0367148998704323
-0.305554549138767,1.0,0.10399292012829431,6.919649390162229
-0.6092491857648412,-1.0,-0.7516371256878309,-1.9449166184879068
-0.1016608259005618,-0.39894132766058776,0.18311080264612367,0.7991380904273805
-0.7587453440376217,-0.24068635603693211,-1.0,2.37697853046073
-1.0,0.01584159973325283,0.3121398891642688,-4.127622424902303
0.39255962952620904,-0.027605346397705732,-0.9914840649903314,-3.184871658869253
0.6926179654138529,-0.8515504854788845,-1.0,-13.917889667128568
0.34599978153911026,0.27242585917501216,0.5800655351054886,0.8075089016114622
0.29305640447766823,-0.44228063241183535,0.03770887572198145,1.5161209534430984
-1.0,0.37823777986959395,1.0,3.6614795539601155
0.09890045918489676,-0.6496416287021403,-0.4483299928523141,1.3860528477766128
0.11453176374987906,1.0,-0.6774564304017721,9.918994806113966
-0.6623440523670701,0.4235690705425301,0.21262994914516908,-2.109283119314068
0.8718692949442364,-1.0,0.8581559378736721,-4.859615455789884
1.0,-0.884515630606395,0.5205725236476406,-0.9432253048992347
-1.0,0.7482161345478913,0.6380694389276198,-2.7001647952283023
0.5888880371775287,0.7085232791154348,-0.22902432861168442,1.4974117724111584
-1.0,-1.0,-0.23124341859073239,6.239927476453708
0.6845286997590974,1.0,1.0,11.168768784638928
-1.0,-0.5653164789990042,-0.5021630512389699,-0.10431079906286106
-0.5398898501280267,1.0,-0.535510439151567,4.874509670225279
0.7972463118802244,0.4943435115762391,-0.3642495920124593,2.1140568541584135
-0.355993857659622,-0.5129380010095921,1.0,-0.15778059436072595
-0.34878988386833476,-0.7957752396580071,-0.6237387286364595,0.7154816539939639
0.7510886977913227,-0.9309722533961444,0.3514873622572696,-1.4915669649539636
-0.5408472622293585,-0.11583887890659517,0.28834844724886155,-0.5428132513731749
1.0,0.7786039562144405,1.0,26.63416452443352
-0.02905149549828101,-1.0,-0.9791134141072626,-15.440418679334439
1.0,0.6631490206032022,-0.9458276743308616,13.794128585469652
1.0,-0.24804016191567202,0.9122308949971438,7.857146691952156
-0.07863518256130164,-0.24555819502383391,-1.0,-3.1255875037190783
0.8531519325901065,-0.6090332289349831,0.11768450732732272,0.9357379561376122
-0.30859710118296224,-0.4486508952098498,-1.0,-3.9639254419863907
0.9863924638244363,0.397622670118549,-1.0,10.483550914199977
-0.48586535759713834,-0.24843950628979328,-0.9551070798360739,-0.5841341155736473
0.1566238786365295,0.06241592388246331,1.0,-0.19167431516623984
0.11805646540864934,-0.5835554335483513,0.4179997177437256,0.7338903283486807
0.04758726421711157,1.0,-0.09539016154898028,8.877751691472858
-0.0322789929091476,-0.021542979668965456,-1.0,-3.4333037194672698
-0.4243394491141099,-1.0,0.6032900727196178,0.9630358172991039
1.0,1.0,-0.6658149680803744,24.477007991514782
-0.12930464507023154,-1.0,-0.5246055758083876,0.19159063406884352
0.39602860546566765,0.28782194715384213,-1.0,-2.500558722945218
0.031217980655472433,0.14738657706328384,1.0,-0.3358756004120963
-1.0,-0.14484822979054957,1.0,4.136189482752347
-0.8942286850858217,-1.0,-1.0,-0.5324682525268384
1.0,0.038534691326453485,-0.2809760690353633,3.4047880978067298
-0.5818753033072128,-0.07217884638006411,-0.35873992743340355,-0.1332016476521459
0.8802426707933431,-0.5890342453196102,1.0,-0.2814047254619889
-0.5443170300267188,-0.6487248745089031,0.42438483168285646,0.8210130687605037
0.38421348566380464,0.49872484681906615,0.5184671595204347,1.0207947050755661
-0.9485413181063029,0.27084364860687105,1.0,3.0468773378927865
-0.6717162049813101,-0.7819137336882873,-0.8476901653613926,-0.8627681149899475
-0.15811346065991105,0.9197545277649273,-0.5894928156246899,5.347429691351377
-0.8055793440338785,0.7389772036067996,-1.0,2.4886019833298074
0.6385484500590255,0.5338097166610101,0.5857025408587773,2.4450312418090134
-1.0,1.0,0.3560079243187302,3.395380871244845
1.0,0.4067335419623428,-1.0,11.16717547425263
0.978268839077985,-0.2842874432434883,-0.4781586998507401,3.7142325937292022
-0.45525364118242795,-1.0,-1.0,-12.609002222575562
0.05068369910130954,-0.43431690806638756,-1.0,-5.311855121347524
0.4670772044920779,0.6107931841003731,-0.1901308463630409,0.12691172479140178
0.12694740591451614,0.37395453023991454,-1.0,-3.4090783725379628
-1.0,0.7247163734037216,0.418411646285904,-3.6178426613263515
1.0,-1.0,-0.36876439315030396,-9.972690109415469
0.7353446264752828,-0.554418243997516,0.5898101381021408,0.6163795208948355
-0.9840325109394938,-0.04448657913447818,1.0,3.000419477372746
0.33163871181954874,-0.1805502462547932,-0.024407593686107454,1.583604260912171
-1.0,-0.12272536047514748,-0.31966042627048363,-3.6689793960536177
-1.0,-0.17273334249336836,1.0,4.372216972749049
-0.0010703267110638848,-0.6311436566363937,1.0,-1.849785785417637
-0.1647727608186047,1.0,1.0,14.108178285803403
-1.0,0.4225447071076651,0.6292462147080231,-4.386545767305517
0.4409147233102737,1.0,0.09194956807543697,7.347182053249551
-0.14354740058937732,0.5878846370385087,0.3892257911802255,-0.1732481897945327
0.08950696505979838,1.0,0.1600443708661785,7.3522178799083235
-0.9301147568605814,-0.40047612209131955,1.0,6.17153912768589
-0.047433067186587685,0.939809311668383,0.5459393460686068,4.63778553104675
1.0,1.0,0.449268781537163,13.816461117085794
-1.0,-0.23034955362096654,0.7828331275275053,-0.755384873464331
-0.6964140835012704,-1.0,0.23976114068453436,4.656537056588856
0.18570502603125738,-0.14502236453205564,-0.31236052485481025,2.025602529297643
-0.884865384489099,1.0,-0.5751190075577512,5.809210807145977
0.0572161813928771,0.03711974553102526,-1.0,-3.4585870236490086
-0.7570811418102601,0.5704421491027403,0.9304776545954736,1.861444850193962
-0.4387984592281937,-0.6024781363795209,0.9891816526556145,0.14543818262250763
-0.8979306644455745,-0.48318933321598334,-0.4538530994570167,0.17666888248720436
-1.0,0.18052647979470282,1.0,3.610410654733292
-0.5578599123491665,-0.45138949216532565,1.0,1.5147611775100436
0.5924781999218058,1.0,0.9524240857296309,9.80437094559492
-0.4989607922889805,0.16532015333899341,0.23528245302189998,-1.5175566689224727
-0.724519997967392,-0.5943921529979685,-0.5291429796432019,0.7856116172577482
1.0,0.16991687483457363,0.9092564962938143,13.63102245501748
-1.0,0.05753412530766333,1.0,3.2746092908008695
0.991586818913688,-0.6254043718641558,-0.7503452986562251,3.933792157357648
-0.5454622652973227,1.0,0.1601059673777312,5.360762676224677
0.7365278763807848,1.0,0.034245822505630574,9.02948240852991
-0.18195172470585108,-0.40601973368775157,-1.0,-4.313709023262372
-1.0,0.20140301369464053,-0.9728673541987733,11.509657953719135
0.7920921445993678,-0.6622408139380709,-0.07872083391072437,0.9919906301153688
0.39901128886981496,-1.0,-0.40114214925620617,-0.6251062407732083
0.16733382894539495,1.0,1.0,10.550456415338864
-0.8832964308364004,-1.0,0.4710308887835095,9.459855313461977
1.0,-0.6234642609438972,0.2285770854522784,2.355103121616227
-1.0,-0.17691701105745516,-0.4544032486206788,-1.6988809297590324
1.0,-0.30715627899711095,-0.46630879565546235,4.077639935499228
-1.0,1.0,0.10536821907421245,7.257623284923207
0.1350149090502688,-0.9018135509710246,-1.0,-13.503849361222882
1.0,-1.0,-0.41022407394113625,-9.99290404686124
1.0,1.0,0.1769777424969201,13.712100685941335
0.20045898705895926,-0.8176022512759431,-0.8656500244298533,-4.5730944019763875
0.7574948145892715,0.007676190437858166,0.5855866893885917,2.9725474636547737
0.2568944031868199,-1.0,-0.23301930670432291,1.4759660034663793
-0.4899253801863357,-0.2285675753128238,-1.0,-1.6846781680796936
0.9439928108568074,-0.4140038565872408,-0.9780384817195467,1.154918902927083
1.0,-0.25694339739078087,-1.0,5.5816559820283524
0.27930497946159116,-0.2698950941644638,1.0,-1.228147441296997
1.0,0.13810614471732507,0.5696890632663141,8.02331683679703
0.056651500179685677,0.9547618670623761,1.0,10.604122130219363
-0.26951503660604903,0.5839877373789117,0.35596112605890196,0.21119229194102124
-0.10489138732414705,-0.2869942914923762,1.0,-0.4851925538258885
-1.0,-0.1854477751145538,0.7026449353773847,-1.6500696424973453
1.0,0.05114566340815485,1.0,13.079874469811516
0.49474253989237593,-0.24631432843677792,-0.6405846909608244,1.2053989375363163
1.0,0.1230399156629467,-0.24959454512668655,4.220897624784867
1.0,-0.11595760388158682,0.1036685584749939,4.735017732350496
0.16905822334757126,-0.9724347553997696,-0.677577136255314,-3.7340534908475806
0.22516093886703503,1.0,-1.0,5.037157563317272
1.0,1.0,0.9470957858626745,22.67524462855381
-1.0,-0.4198241632544,-0.8801259318545589,2.450754024992119
0.4876624553980333,0.44340516919458484,0.3313956019418318,1.7100602129424742
0.3802833124128546,-0.3576114774467489,1.0,-2.4068472882882577
-1.0,-0.5439906286986289,-1.0,5.882657041571481
0.4545561421319513,-0.5860179826239322,0.18468790664934298,0.7030125897586827
1.0,-1.0,-0.7967692101920061,-17.565611892485336
0.19924754569004266,-1.0,1.0,-7.314496322478768
0.02840361606925801,-0.4349153683827165,1.0,-1.2461951525804726
-0.3382955126311942,-0.6860413014462643,-0.5579543991156877,0.5345218418875157
-0.43135966166020334,0.4091054693866998,0.1122301595296038,-1.2758517282644712
0.9903436562461403,0.5474077925705465,-1.0,11.558813721977739
0.9480691400126338,0.6577678427132361,-0.23787479446776083,4.626753674443894
0.2000059384966375,-0.3037359204267258,-0.45849814937530753,1.449010925338103
1.0,0.1188904291040156,0.43084152981451984,6.610380049998987
0.7626378688365447,-0.17797258182454478,-0.12460363555889953,0.7483754817372856
-0.21614055471926275,-0.19264946958010043,1.0,0.35253709068526806
0.6794540098972568,-0.5452205356080364,0.1693789579607201,1.280954113020805
-0.7207451737350477,-1.0,0.7680708618516374,4.452951441739974
0.7422952770858022,0.964537443236178,1.0,12.793137556240202
0.20007977861849424,0.33853503143828445,0.7276398216753508,0.424425873148474
0.26286497226246475,-0.7003120404443874,0.6286965648322334,0.0729109139527637
-0.8316824461924901,-0.7812234451244318,-1.0,2.0199609098285416
0.244232638829309,-1.0,-1.0,-18.670936569552694
0.27620790378000937,-0.40187712727630176,-0.5564037900092027,1.0457723329333828
0.6192313742433637,0.7329984449445357,0.9349170383924632,7.041702831162932
-0.12162403407544176,-0.06574785330000155,-0.047583098312143246,0.5391969770373063
-1.0,0.002001333742256861,-1.0,10.570491337005679
0.6087205454935474,1.0,0.11221619404710736,7.891718184859316
0.18544235144640275,-0.12013401685779201,0.6338157253094765,0.7440153786233387
0.20504064392556476,0.9118895134115335,-1.0,-0.37385998068381043
-0.15247735487335157,0.3253417502111935,1.0,2.5129818502055543
0.8239371575718861,-1.0,-1.0,-27.951690571888584
-1.0,-0.6799616700645017,0.08323721900727188,1.7144625664422612
-0.9398948389004522,1.0,-0.42678239923387573,7.893933461601676
-1.0,1.0,-1.0,20.902896621949065
0.7810654340776388,-0.9096478571866349,0.9916595267966062,-4.606537736611047
-0.8977819462247347,0.3300253419555059,1.0,3.7718915939651207
-1.0,0.07088654659245108,0.8175341295834753,-2.407267432831452
1.0,-0.06746736301033329,0.7540259006999712,8.584711820065047
0.9595855674087821,0.3801958315593006,0.341303930723003,6.764201709632579
0.22308258943029147,-0.005200687789213454,0.2988627222989195,1.1994519270176929
-0.6913554805277267,1.0,-0.8109890765917174,2.9172579457823744
0.03981172479218342,0.06005379926518306,0.18722805037885792,-0.24351935059361063
-0.7088290802596593,0.4073087391167729,-0.8736910596437162,0.11233224093722025
1.0,-0.4646382851650872,0.858858625335587,6.276979518612287
-1.0,-0.19358916408104454,0.0984484512372088,-3.605589357709438
0.00169926794920916,-1.0,-1.0,-17.792026678413684
-0.42381569049184664,1.0,-0.5611859299821778,6.825563745773994
0.04960522422752622,-1.0,0.19577610938462686,2.8560375206695072
-1.0,0.1289036419916909,0.08300307807102292,-4.442684825184214
0.07226308935908721,-1.0,1.0,-6.539290883754238
-0.4390190022094802,-1.0,0.651761345052926,1.4300126665800275
-1.0,-0.4276644476102711,0.1455334289744059,-1.53566906708037
1.0,-0.16396979258101885,0.11219431041181882,4.8593643351574505
0.028359087983377274,1.0,1.0,12.42360812697624
0.18396601362881837,-0.5208753511628299,0.4184597344756604,0.5899564491988607
-0.43597351367195514,-0.11643235538826024,-0.04258327353256641,0.026571673193369266
-0.8670091641189488,0.4665321715978745,-0.6710973852681774,0.3171933394554659
1.0,-1.0,0.5403588095922687,-6.342083545850857
0.36709672609181343,0.3298201212244558,-0.015087543563814254,0.7512007269064601
0.40643644455961203,0.07945041968476252,-0.12632830727347244,0.9667185973252913
1.0,-1.0,-0.09598185241589063,-8.841240526374987
-0.6527598428572667,0.8337087265574723,-0.4135380532895565,-0.29914638255848003
-1.0,0.2591964186594866,0.3436638153881786,-5.0164641589226795
-1.0,-0.1969492354288893,-0.5340934730071079,-1.7545235885953623
0.03127445160091891,-0.3463381046584042,-0.6523865679831538,0.8984152602809411
-0.7457159758245244,-0.9505565961401687,0.6076403977274516,5.737011309207085
1.0,-1.0,0.7765636663371487,-6.964490067280633
0.5108749516926838,-0.6988693883063992,0.4872156054422825,0.6518933997289664
-0.4901527585971026,1.0,0.12253910622832231,6.221275440483782
-0.9591702431854994,1.0,-1.0,16.310583068514788
0.3517571574415155,-1.0,0.5537092382777056,0.11070131513746122
0.14033915065989144,0.321566601282506,0.29859495155737026,0.9514308243059288
-0.20803982952736466,-0.25535246697067326,0.02471772686444651,0.5105443924318198
-0.7558911540539042,-0.42051946750857616,0.0578345233130948,0.4951880467808094
0.2886530260214575,-1.0,1.0,-7.548594683305732
-0.4335878488139202,-1.0,0.8379159899116799,-0.14425330729871444
0.3097830668388015,0.5621803160192831,0.3312736417255169,0.8769283309045759
-0.35558608401224867,1.0,-0.30592170213894554,6.806802920658656
0.45866746571999917,-0.5829308693971023,0.901903216290403,-1.6875535930957932
-0.16231123360938216,-0.25167375741289066,-0.27988992410410796,1.0575830824515575
-0.7756616635099725,0.761869173112665,-0.4104444619802108,-1.5798864315052066
0.2677271943726569,0.29518819640098726,-1.0,-2.8925194876494142
-1.0,-1.0,-1.0,3.445903199105561
0.7386202402260338,0.13514007792468852,0.459431766207409,2.7902197619553712
0.46511585427082536,1.0,1.0,10.023781914883967
-1.0,-0.34548230581780537,0.9026791089927049,4.179231746841416
-0.2722702152830889,-0.4663078943040391,-0.27093622681632645,1.0434350827946532
0.011564116530567992,-0.08150559166082827,-0.9921172630713899,-3.26576506401244
0.4744848440013636,-1.0,1.0,-6.620654653457383
-0.9662421421364908,0.3015662348598205,-0.32055148594309824,-2.7721531667911647
0.8271246355319617,0.21055193529315175,1.0,7.2001073793469486
1.0,1.0,-0.7404812711722866,27.847948885457882
0.0935414305213984,0.3539735041658012,0.11669975057678461,1.0618525071269214
-0.7169362128479986,-0.7580401514790844,1.0,4.059670876574359
0.3240226399391968,-0.7953303689847464,-0.28869751091661944,2.2990304237270918
1.0,0.8987281865240124,0.7059334218399616,15.241130998583674
-0.20340703989196673,0.37338813458831166,-0.07721140319975106,-0.477797507987176
0.34595298906258254,-1.0,0.7220855862528843,-1.4400853368446769
0.017983436095641236,1.0,-1.0,3.705501765825162
-1.0,-0.24515737471547228,0.021722171245525557,-3.862647846714729
1.0,0.6465940380491317,0.5054796858916695,10.883719852111865
-0.9738202896778119,-0.0021318391103586354,0.3098213201158193,-3.279135228906012
-0.75403263541387,-0.9273882392697128,1.0,4.711081296478264
0.024446554254911712,-0.28534618361186914,0.9228198951578466,-0.19749054899749752
0.03498239919486745,1.0,-1.0,4.428383527408421
-0.48612113081364905,-1.0,1.0,-2.682648760335088
-0.8924342614736931,-1.0,-1.0,-1.2277576086473019
0.16910647554804004,-0.9225089475552735,-1.0,-14.19017889411761
-0.9078282555215789,0.9067405858391215,0.8467995618004598,3.68727712492887
-0.24627470005681928,-1.0,-0.2675587167240736,2.990621752689267
0.260426310998215,-0.42211399136049876,-0.6288447242995869,0.5376950806274379
-0.5254785910466524,-0.42468534264394253,0.01749416770013168,1.110222298541103
-1.0,0.8653561406190255,-0.06631639363954434,3.485251392060382
-0.4646428345164699,-0.15955048939322092,-0.4726381399708681,0.5371133976948128
1.0,-0.2512303270833678,-0.6733126250791905,6.164050217920816
-0.09590643179286795,-0.8499898190139734,0.09796426937478264,2.5432839757034684
-0.9347370239809691,0.0642077402454837,-0.9924873584170499,8.845869323574215
-0.04992498746998586,-1.0,0.7900270014481241,-2.395382552754161
-0.4330758599996365,-1.0,0.8673631069429446,-0.4753881067248198
-1.0,-0.6445079049919473,0.07231035957853726,-0.12210049001462253
-0.03635094013791651,0.007103628078500179,-0.05317506543790973,-0.2575710498898295
-0.5995995011227959,1.0,0.18934452264141277,3.424144602611415
-0.6062276840640275,0.487429710266033,-0.26719710485336945,-1.1628840643171652
0.7012712003259227,0.354331715927402,-0.6098180544290355,1.3453003039274514
0.8801426413900826,0.695437097142374,-0.37029571170421716,3.744488248106308
-0.3782814614565957,0.44175882017566614,-0.3593550880742149,-1.3318296446725324
-0.14987713089510435,-0.7831444959607419,-0.8366637043473464,-2.235063447040464
0.19107897027536946,0.011281561514143501,-1.0,-2.1016685533528987
0.29662749368106756,-0.7069125889240018,1.0,-3.658875060332264
0.5093303284148654,-1.0,0.6658267060408749,-1.1513668670274158
-1.0,1.0,1.0,17.810121884964875
0.39940149265135494,1.0,0.04322086757740817,7.675440602602854
-1.0,-0.08597251667978911,-0.18973334140265363,-3.673257026872945
-0.8379429449041942,-1.0,0.16794100210059093,6.407674305691296
-1.0,0.7495418233488558,-0.07823661513048252,-0.1893352526495607
0.2799449230147888,-0.46400646687283364,-1.0,-5.940829763250629
-0.9757380358754311,-0.06044474153763879,-0.5231142660295869,-1.6761442933292083
0.6461129277007593,0.47753664210848923,0.6710708012739952,1.759688600195924
-1.0,0.4531227477115216,0.5410802730522413,-5.548237405299156
-0.6891086066275853,-0.758273177369805,0.21017224058284834,2.908991559241241
-0.9762308085452038,0.44155934496871296,-1.0,15.687512463328936
0.250752611279921,0.6706522868362652,-1.0,-3.241294141706756
0.6150399457944662,1.0,1.0,9.104312054401747
-1.0,-0.7478716756447845,0.9930053059685677,14.896603172789114
0.972514525462709,1.0,0.4597905489999752,12.277878195548485
0.48378201583367764,-0.3970623729919569,-0.2880731160961105,1.2241377241569606
0.8447105766030143,0.5482397863778012,0.0027718792020943184,3.1619140013589506
1.0,-1.0,-0.17066205881216456,-8.485508114938174
-0.20083659975982426,0.12084517264156602,-0.15567088694216924,-0.06974491682929931
-0.9346728159896267,1.0,0.862011215591548,5.252153164017584
1.0,-0.22923354778348526,0.44355903226711724,5.6221294972811044
-0.05787804119128204,-0.008242604609370652,0.3292180981078312,-0.29835526170356064
-0.4149888538379467,1.0,-0.49913640421211136,6.295308081086965
0.7189943107538401,1.0,0.05775340068936807,8.632200478681176
-0.12628553122917818,-0.5118791630778987,0.7917755609987098,-0.20672982455001554
0.7727418351129964,-0.5131530114277196,-0.06434333800932701,1.953252963501591
0.5245360010298197,-0.36607075089182994,0.6625892812946867,0.5348408364933619
-0.3171134262566804,-1.0,0.4772091824985891,1.6295082505664482
-0.24204174448929905,0.15019303551847685,-0.21000156680869342,0.8913047001446516
1.0,0.1547250861495444,0.5482209617795026,7.186294590048505
0.5474693390809715,-1.0,-0.25195474907560667,-0.2801240534351678
0.5668358785033931,-0.34628373993264505,-0.22162707841188056,2.23107052096025
-0.8610699264328745,-0.4068059037655216,-0.9854700754303674,4.58699394214746
1.0,-1.0,-1.0,-28.974409208755876
0.3412843932206837,-1.0,-0.6896382416745512,-5.304584558635313
-0.3926477160431152,-0.16128800014237465,-0.027691343482953767,0.11897438321646626
1.0,0.607905626823189,0.4828010860897285,8.931401115190521
0.12057556068172626,0.38120813505259643,0.4383013927220736,0.7439281736244622
-1.0,-0.17375332880081218,1.0,4.382002335149941
-0.7799362722692469,-1.0,1.0,5.581385389900005
1.0,-0.0509144079363022,1.0,11.432241214548528
0.012510468115935813,-1.0,0.1855567611011737,2.289585999654712
0.3552166551862399,0.28394123907975244,0.0838820975308121,0.3108556422101185
0.022031687062087135,0.1590278453644529,-0.5353075449554492,1.1454591791319024
-0.6912400619144599,1.0,-1.0,0.3671082561141148
-0.22036451754431674,-0.7614519640160478,-0.8723701465220626,-3.997745194481123
-0.29731676105647287,0.24044503224167268,-1.0,-2.4892184125009233
1.0,-0.0511377597981133,0.9892575279147275,11.645088357727516
-1.0,-0.2307346280756919,-1.0,7.807888524947995
0.4400105078398835,0.18197736563519773,0.3198779845885762,1.2026576933546107
-0.09259995522364384,0.40067081045500075,1.0,2.479570218672237
1.0,-0.5092522831294484,-0.017006628391428746,3.5130738979741807
-0.618840632710995,-0.8013869004930647,-1.0,-3.7274888665654204
-0.11412894806272367,-0.23077916181102132,-1.0,-3.8867533849609783
0.11903285851792855,1.0,-0.9402550517452943,6.830442861455127
-1.0,-0.9236789387888247,1.0,20.91671219029638
-1.0,-0.016171404662103317,-1.0,11.102455645603273
0.4045597973439161,-1.0,0.32731582680415916,0.5333379728661496
0.8550454254923943,0.4011317353440744,-0.522382434465303,2.257368482077657
0.7864332501976674,-0.04466822294207473,0.07012794955241475,2.7098802026930575
0.4068452522597046,-1.0,0.5195550911253755,-0.908806753412184
0.4499280945630373,0.16544703873664202,-1.0,-2.1067762622251274
0.9982773704931449,-1.0,-0.4680928536231639,-11.599463234020654
0.5888480747824467,0.7029847555345692,0.15513686835859075,2.5917061898299547
-0.6651373468177986,0.9436137101431208,-1.0,-0.077841597039778
-0.19327808866285578,-0.1304553650509339,-1.0,-2.3712622857956194
-1.0,0.427927655938219,0.37600442058057193,-4.6103826211284336
0.08472168352504061,-0.6198090807100103,0.6972801066817897,0.1446077892535318
0.6825280855858542,1.0,-0.762511394411556,14.541695819775496
-1.0,-1.0,-1.0,3.218634780672198
0.6314940285925466,-1.0,0.17410008582299374,-0.8662744864996125
-0.2808394752951231,0.3897296577002307,0.7561970067879691,0.32968037464021194
-0.9199236786817659,-0.2403217173642238,-1.0,5.818164986363924
0.6391202659234847,0.9494269319003299,-0.12255888000337345,6.738891664908182
-0.9668373090326032,0.46947705531729,-0.662486604546253,2.4973089981159995
-1.0,0.7640551739305821,0.1295190614857069,-0.7991105072065946
-0.15533276326810452,0.47973185914118166,-0.647200913602751,0.25856792507035375
1.0,-1.0,-1.0,-30.192246187753494
-0.6325726268985625,-0.4382873680376116,0.4218622537526051,0.2069528078915553
-0.3623537124192677,-0.6753226871758649,-0.08539379860815766,1.6637236303011091
0.12349833858699011,0.5842053027990928,-0.05527087075857273,1.0252783186999461
0.7333562845546764,0.5870553317810745,0.6091663525250786,3.4729768827232053
-0.32833943964848555,0.295812434508844,-1.0,-3.4484640785034255
-0.13596003522898248,-1.0,-0.37340057669477567,1.7455306737667406
-0.5864420553005849,-0.9619789925260671,-0.8008570619822235,-1.898923705414676
0.9039682054481688,-1.0,-0.8949420135436299,-20.418048536656674
-1.0,0.6581784514185858,-0.992524074508164,18.818077770846553
0.1993311492310943,-0.24640948222389536,0.7204625428055917,-0.27766803836942167
-0.1728217078386518,-0.3754097594790622,0.9682312409039686,-0.26424217484031187
-1.0,-1.0,0.4395287608841587,11.781155285094856
1.0,0.36110322913956905,-0.817822931620865,8.283526283981043
0.22999348118713492,-0.1143913265954839,0.16199190618662884,1.1188679011964915
1.0,0.9068976493812106,0.0282209541352767,11.735381142091601
-0.4614099777611742,0.558486156536369,0.6350710611096411,0.48933798449432114
0.004394768573840135,0.4410890021623133,-0.6315365470453949,-0.1597067617944709
-0.2558590996283856,0.1830430212553984,0.6641874063054283,-0.48806851620366565
0.2860068330384782,-1.0,-0.3677494215221142,-0.6782329518298078
-0.1984655733681573,-1.0,0.04228909733625463,2.285824313832616
-1.0,0.2618433567090679,-1.0,14.695456965484373
1.0,0.7723703687623709,0.19704979840714976,9.06911463726491
0.0025352383425147895,1.0,0.8633880539082515,9.950532073109354
0.03524282863407269,1.0,-0.5645690068935549,10.095580754921029
0.3388925525027324,-0.23345624093414963,-0.6139623329434252,1.3351999255902505
-0.8382636229828913,0.8534656770304323,-0.48568921608411997,1.4939558374560278
0.9313944980784006,-1.0,0.8448242812915234,-5.0495576572478384
-1.0,0.5814483941515869,-0.36436498469658596,-0.07515559629859098
0.3903798679911772,-0.8132623481991559,0.6624905806561592,0.6384007755139649
0.5771340834603667,-1.0,0.5140737061028038,-0.7427350239328077
-1.0,0.0072781257120737575,0.41209816718906134,-3.5717041386725388
0.9270081507945458,-1.0,-0.20825554705076166,-6.609334264492908
1.0,1.0,1.0,26.5417100305927
0.3299297837486106,1.0,-0.10319542824107208,8.197594566185373
0.21562508735699004,-1.0,-0.4803148269539701,-0.6030870667282956
1.0,0.542649549684528,-0.10039219335932903,6.651016501882619
1.0,0.5940565696733087,-0.7968014087023241,8.549621274656761
-0.12531533514602877,0.8933658858568501,-0.23429766380408812,3.24959489652168
0.45624989631367074,0.45334643881963577,-0.21298750630323204,0.8514725959104905
-1.0,0.6255275647632108,-0.3910590729840635,1.068116011236537
0.32372941347142814,0.8133852532509147,0.983485185474904,6.8566354467787844
0.3077584633984298,-1.0,0.8947927782669436,-4.103193883104359
-1.0,-0.4398459084453743,0.2948614341838105,-1.5601862919681033
0.038830281429545144,-0.6982057952873528,-1.0,-7.6702398324693
1.0,1.0,-1.0,38.11295006931308
1.0,0.30241354610729165,1.0,17.431797285543638
1.0,-0.41024202301862145,1.0,6.396783624281437
0.13627489241090296,0.20417963096776237,-0.72536942398966,0.124462491527977
0.2535474299953233,0.3873290260735849,-0.22218782887491373,0.8054879347344082
1.0,0.3056310639411308,-0.3820667601849126,5.399523820249726
-0.4742697795514861,0.15303071935528134,-0.6342505329090506,-0.39758314048642873
-0.7278083558927688,-0.9533623614453446,0.8754217624131779,4.665519798910268
1.0,-0.36626874056004644,-0.14572565050144903,4.4689411394046905
0.606710660587702,-0.29527847662354967,-1.0,-3.97418191287994
-0.4169527281140166,-0.8869064921104313,-0.17228629724626554,2.9496479990098057
-0.1762999367486926,-1.0,0.13439627090496287,3.0332235876624027
0.4695813266397242,0.7997759666499118,-1.0,-1.8377773685035987
-1.0,0.10931369478306552,0.8556294344079554,-0.6558453608418673
0.22676933683129152,-0.5237544358972208,-1.0,-5.509330331748986
-0.7881779687003858,-1.0,0.25878104926606893,6.101909961323385
0.45335449340301626,1.0,0.37550931090082385,6.774741716365072
-0.25403867571614613,-0.19784196239273033,-0.4497779807007598,0.4734868963494969
-0.136236788673062,-0.16361401610173987,0.3156098358781332,0.36202610790101697
0.8035848211170111,0.6637670100240955,0.3997777315727926,4.3384381242286745
-1.0,-1.0,0.9273205526808734,19.733590228354398
0.8998833942506632,0.1601231789250679,-0.5033931734590402,2.72558742953641
-1.0,-0.22072363420426555,0.9246961893494643,2.320136767356653
1.0,-1.0,-1.0,-29.61211507708308
-1.0,-0.08674390538732646,-1.0,9.567234237053162
0.8722165128323818,0.4317781825856355,-0.600772125185784,2.5462906234543143
0.20227603287592566,-0.41612818011310515,0.8247145775765465,-0.2483246401512379
-0.26454843275891493,0.7134245483524733,0.09442395897588107,-0.2074933256052406
0.6807873321712021,-0.2947528211869046,-0.17539517570441832,1.1302695445463664
-1.0,-0.06364269896478691,1.0,3.6016072411878315
0.16162107401485915,-0.5733785966509863,0.4933270614301135,0.48629344260006996
0.207132441820568,-0.6100035052914157,-0.006596023722461819,1.6591692904647775
0.7583618179543468,0.07118253937396224,-0.16037922223110312,2.0772929237317843
0.8505534191977857,0.5242409127663801,-0.1003499980106719,2.940332945330049
-1.0,-1.0,0.005172296385240305,7.736263422470193
-1.0,1.0,1.0,17.70187523560377
1.0,0.10415674703611644,1.0,14.348433325567937
-0.6602802776494272,0.3461767862754044,0.5661892823090626,-1.7939592820949122
-1.0,-0.15675850845440165,1.0,4.587798842900028
-1.0,1.0,-0.22128568193724996,10.41602128525915
1.0,-0.9911286097385426,1.0,-8.40030256153908
-0.14141917255055758,-0.6875372930094463,0.8274809282266995,-0.05142430493628186
-1.0,-0.8591832515174838,0.7453687630807175,11.528785048662332
-0.1658981417812182,-0.752525026189202,0.02553288452131386,0.6316771831626233
-0.27101150544563835,0.18952072352253846,0.9543080983479466,2.387573523296214
-1.0,0.49107201459591776,0.2968743456517946,-4.63381994037977
-0.9452746322906682,0.14850071738921833,0.42028074182608033,-4.162557454792749
0.7258125237975332,0.5607394377460533,-0.05737924798622718,1.4024612232815468
-0.24191894836319916,0.2852094838819268,0.746594195005021,-0.5504178675120619
-0.1392752608543768,-1.0,-0.6667160722403123,-2.593169446657257
-0.39376631993896427,0.788548676539766,-1.0,-4.227564596646447
0.37422708288869266,1.0,0.5359295790018852,6.72469482941785
-1.0,0.0568658631608836,0.10002952828012512,-5.249556899434951
-0.3928571289360172,0.02929184306039123,-0.9500298643371761,-0.6476537042174888
0.3168573339734211,-1.0,0.10267885685412392,0.7740745245299925
0.40701270274505386,0.6332694143257624,1.0,4.918620378257785
-1.0,0.9066746652007829,-0.4635579516899835,7.801672949106196
0.09575991176943965,-0.7980152350336132,-0.5516740137304854,0.7349354680038842
0.4801146322179384,-1.0,-0.3657680494096005,-0.6764458635817183
-0.5928383585110513,1.0,-0.053254641764373556,5.027088013610111
-0.5913288294494341,0.9597456805678637,-1.0,-0.5362436065197604
0.8743281470336268,0.20272989826716104,0.1677840125481065,3.272409046874399
-0.1223673392330471,0.196527637458769,-1.0,-2.010243727401928
0.02703470186853929,0.07017141976654773,0.5825374157588319,0.8476395542687678
-1.0,0.9755081858069488,1.0,16.510266948355063
-0.5618100330241265,-0.040208469453125506,-0.0728376178060326,-0.8349097385207929
-1.0,0.5904887377705428,-0.6486975951308693,4.233813064536749
-0.3193661431954127,-0.6394612784498686,-1.0,-5.34877673388097
-1.0,-0.3858933920993255,0.0661402192555598,-2.9582191351291405
0.1773259766387263,-0.8390750201618571,-0.24940954710289542,1.829269550611569
-0.3434730376666746,0.8737507390430694,0.2943706687198251,2.389621098703514
-0.544796512292169,-0.7345220624240163,-0.15539249958254886,2.0851286129139104
-0.5574168781485083,-0.20310997481569726,-1.0,-0.7616089975106473
-0.4837824095062693,0.7877669010767465,0.08437710274283305,-0.43618280665288667
-0.9741590414437218,0.8779836619422812,-1.0,16.92492903594163
0.6932396482725132,0.12497653690399146,-0.5365482171871632,1.8336187667514234
1.0,-0.36118483209353824,1.0,6.426516662952426
-1.0,-1.0,-1.0,3.140319591177022
-1.0,1.0,-0.6566542671949429,13.034120487134343
-1.0,-0.6337467716755798,-0.3911891009189772,-0.07699030181692634
-0.7273879187388101,0.856330897931924,-0.9078506931471664,-1.0848235269088156
0.2911787192405293,-0.6058929472284194,0.15013786554332365,1.2597706764350123
1.0,-0.39094115878828917,-0.07779556103151619,3.86522368856399
-1.0,0.7847004403093205,-0.5079657892060325,4.458244737274533
0.971552194355622,0.86083274029663,-0.268484083739579,8.966370959238729
0.3136634661672777,0.5461839325891866,0.9074741246699669,1.3968885300284666
-0.03329159508124757,-0.049158479626046026,0.3747139539767952,0.18766688330945222
-1.0,-0.4443484483010467,-0.13298727688684275,-2.542263788662922
0.5531247036436568,0.10494853160602102,-0.6278991970809928,0.7249994217547409
0.6828633334779599,-1.0,-0.3439280472773134,-3.1657050423672355
-0.10568383830338912,0.28425969716573385,-0.7751347993162381,-0.5411447584584121
-0.7979540081037453,-1.0,-1.0,-3.4843193851275154
0.6222926141570448,-0.15127088507027575,1.0,-1.3245747185237957
-0.7308525436411972,0.30179230714740357,0.5863689616658687,-2.196216147435125
-0.5805270999370942,-0.32763376865922655,0.19596333777088382,0.5384399843912824
-0.34717303804967914,1.0,-0.8564443057880209,4.546953931159087
0.553345338727032,0.15431627974375162,0.023901649459894703,1.3806738697681789
-1.0,-0.9065169427492701,-0.44748677496471756,4.129726593044259
-0.19724917455978352,1.0,0.5321554226050171,7.614941454819941
0.5704130049707239,1.0,-0.1744477632942001,9.302904529812524
0.31304699636847455,-1.0,-0.8410887170274781,-9.863284790628176
0.019007769296583543,0.8425605797456706,-0.1037662417913845,2.3566310574762626
0.8262119676109776,0.7504926255834272,-0.07832864785557136,3.401985804093895
0.8508366016089692,0.09991309364382284,1.0,6.445728397242857
0.40831454040951765,0.7219250478752199,-0.06055800182489679,0.989794335044961
0.5702039966605013,-0.332811116754258,-0.6577126793689088,1.9271789840818734
0.17219278945929983,0.4468333909304969,-1.0,-2.8535660458129053
1.0,0.21886664126350208,-0.5265279838890737,4.951629402451618
0.031523793804219435,-0.7296782669398179,0.4249235035227992,0.5322715526620809
0.5103336323211256,-0.45416317773489445,0.46118436648649785,0.4958207480084522
-0.5432499762731244,0.4550579369652272,0.9959648817089595,4.131809742785949
1.0,1.0,0.3202211059527571,12.889544130034645
1.0,-0.23934257604430487,-0.465402592883678,4.147652520303786
-0.9758331877763158,-1.0,-0.21480199733902627,6.106411989950096
1.0,0.8311137184762791,1.0,26.146813067575927
-0.10430722336138354,-0.8010203089658157,-0.5943050090828617,0.13763759429128924
-0.001187348840998581,-0.6597295698386645,-0.6381710363722246,0.40154395734234183
0.9175262323957352,1.0,-1.0,26.446754277231328
-0.6775634618077901,-0.8576110992655641,0.6591678286448293,2.7029936661763316
-0.2567829790894418,0.32584323426891526,0.20104914595480294,-0.7924711787828566
0.3096512578349393,-0.3787787084094554,-1.0,-5.410617972024408
0.9605352793355981,0.8806876208745056,0.16715820826521965,8.893406177877639
-1.0,-0.07815567315643812,-0.116435447361527,-4.193113029219192
0.518326325605809,-0.10592875371957478,-1.0,-3.5141999856848107
-0.5417895570715812,1.0,0.5118476559935063,6.287911098318883
1.0,0.5760058323550492,0.8232583091975145,16.351110073971412
1.0,-0.01647937788552256,0.5771851807616606,7.68373916738893
0.32508492663507993,0.4502693801014106,1.0,2.8193905532948413
1.0,1.0,-0.204609343895634,15.804763334608731
0.4356408773179392,1.0,-0.30285181966651664,8.92380972949499
-0.28068598287974833,-0.552584610616971,0.49677673279488244,0.14091307048278656
-0.6051926807059083,0.7907162062434101,-0.251836916965096,-0.2706351200399108
0.032347942851636224,-0.6031120359907145,-1.0,-7.28927919253823
0.6559769034123777,-1.0,-0.012290174759299832,-1.376563684368244
-0.46919640588087463,-0.1076555304126483,-0.07848597006402636,0.6711603614826849
-0.710843443430891,0.48262236303069095,0.32852736217089107,-2.0702100849918175
-0.3144915514550599,-1.0,-0.09216558060171587,3.2078649978327474
1.0,-0.12811144597790336,-1.0,7.176377557849501
-0.08209750148538619,0.15104476574924242,0.24745210741087886,0.880971724508938
1.0,1.0,0.4419335484746547,13.012753584240075
0.5466201430280369,1.0,-0.8437073365121517,11.523510102000476
1.0,0.23928439628653697,0.6456393136549108,9.389223547795543
0.27762083745562616,-0.36763933491792833,0.29728206316198547,1.2012766949334102
-0.7166071321948544,0.9962585371238648,-1.0,1.1366138216266901
0.5995714432518391,-0.33716270436488527,0.843738786721927,-0.205158630842835
-0.14595836145801955,0.7318520714729198,-0.7587158756690593,-1.0729730830826467
-1.0,-0.18548862177734415,0.5304022061300329,-3.0049540052432726
-0.48644796043066885,-0.09782804034393067,-1.0,-0.9285017004451088
0.575062506190581,0.21161585858438214,1.0,1.1965916075977168
0.09496636306926831,-0.35054330400216327,0.5412363872354478,1.21956566183006
0.9715383772677655,0.10969907671046175,-1.0,7.684226206546299
-0.7747826786503351,-0.8261299114374387,-0.21732687173018617,3.2201013962911595
-0.232686800808511,-1.0,-0.2941241630177942,2.6760057975611713
0.5775095760047466,-0.7309838452660338,0.22581342775874735,0.8265158457021967
0.43383120503631556,0.673417274945987,0.73709297868003,1.5551877971963384
1.0,0.8247912222122784,-1.0,21.71425304502832
0.3244413015147254,-0.8764992548323425,-0.816418545312606,-5.195129490073048
0.2711399883117642,-1.0,-1.0,-20.161750126249395
1.0,0.20770862653347133,-0.2372423468536482,4.346179686780707
0.16300813584275264,-1.0,-1.0,-18.211061116267434
0.7989926958060452,0.1875972360621554,1.0,6.124676293421854
1.0,-0.38906802738580226,-1.0,3.3099466281727143
0.709381577021688,1.0,0.9770103351844877,12.244000736099107
0.25512722911867614,0.46947128549245787,0.48513199262673723,1.306904997265367
0.08083031616800063,-1.0,0.6167193245717089,-0.21781745164308164
0.388256241781491,1.0,-0.3658826340763095,10.419762243320246
-0.7221120999482809,0.7753520059906887,-0.32636514584791465,-1.5513518898044274
-0.9007245853584933,1.0,0.06089332014550308,4.347409801352072
0.9798823044212424,-1.0,1.0,-9.410417241598749
1.0,-0.4753471163716676,-1.0,2.6621697433933043
0.28655610758915473,0.10909785663365779,-0.2633740383866918,2.347210380468424
-0.7527637769005635,-0.5632858881583274,-0.6465708623229349,1.4373003982674093
0.030155196515099236,1.0,0.10858268661339232,7.2464596747749725
-1.0,0.0018738094980585984,0.9914201187406624,2.7591457067481673
0.0598459643284599,-1.0,0.9540602880646172,-5.772531880618576
-0.15040535542806333,0.12584576122442281,-1.0,-3.2937813996842253
1.0,-0.08284940033263943,1.0,11.150055454883551
0.589803484199259,-1.0,-0.6946569478685727,-8.041499761623895
1.0,-0.33947806788467516,-0.11260619604799582,3.747725927295666
0.09903361059420468,0.6205887939434882,-0.47095415973528976,1.004724047849351
-0.4785353125302947,1.0,0.922330768145194,12.127517191881232
-0.4473341141711684,-0.052398627750293914,0.8774853563685587,-0.0005909874659753567
0.01908915968145508,0.37296446262412597,1.0,2.493374935531286
0.04773911300356093,0.31977231813424045,-1.0,-3.3926714757453316
-1.0,-1.0,-0.3030012453143427,6.256821091970421
1.0,-0.4651792858807575,0.705488984965893,5.85852569165573
-1.0,-0.2829078894945889,1.0,5.366925275694723
1.0,0.1410397485383792,0.39736426827986193,6.420022058788694
-0.3478148943838708,1.0,0.12979323652812957,7.139943472082728
-0.11276960927828683,-0.12400827730134956,0.06634961369300174,1.2004289056604742
-0.5111876012329726,-0.32570711197573776,-1.0,-1.1881905043973682
1.0,0.42254397159158197,-0.9536100600872448,11.322366378278547
-0.11937177648432384,0.15239213849204458,0.04917949469503946,0.5465759198273683
1.0,-0.7226353918040205,0.2623959937426923,1.7654259364410774
-1.0,1.0,-0.18726757920127124,10.143374701325161
-1.0,0.9179670263407629,0.4558578826470534,0.06453506041656257
1.0,-0.6156771562487404,0.6666955097967224,4.188101902290703
1.0,0.003938867857976813,1.0,12.285794269580382
-1.0,-0.23296181871264143,0.023192280111257402,-3.414899195242689
-1.0,-0.4484506398093042,-0.8273489469928734,1.2082503517469312
-0.0005375912396268223,0.5712988994823716,0.3577668250878394,0.3719294034140152
0.8243964655610059,-0.475035240112911,-0.7616377498281208,1.1793369672028846
0.40548969559432946,0.4623073330056462,-0.009551991906636692,1.413494717442822
-0.753074009961709,0.8812570432001408,0.11986465022491899,-0.4868565027175214
0.004340281663461676,-0.9738177597463693,1.0,-5.893643645667955
0.07886052419289857,-0.542563446128115,0.9316179001073459,-1.7046292794645022
0.3970023713520421,0.22550069681894347,0.5250399716247609,1.5820596425411937
-0.8158850271494666,0.028650061118904446,-1.0,5.390528157934488
0.18952375825485746,-0.1492876860855641,0.17994225570455002,1.5395828652324666
-0.44124601816707254,-1.0,-1.0,-13.025828810687086
-1.0,-1.0,-0.5107227953918978,4.523540836899233
-1.0,0.28427852717747615,1.0,3.0545980224012212
1.0,0.900206724337437,-0.35584404706265316,11.76719608817306
1.0,-0.27302372075510606,-1.0,5.135505102401682
0.6219592874568216,-0.20128720113585907,-1.0,-3.271004855542242
0.7509941150384021,0.6240920550598374,-0.41635673951747787,1.489337408036849
-1.0,-0.11805939329852011,-0.08170038398817159,-4.263454964269655
0.20541542410851266,0.6024204618654081,0.5578687628366734,1.7345526192539438
0.7490727675945568,-0.9367963937687711,0.2519166133198554,-1.4247416112469762
-1.0,1.0,-0.16761895001469185,9.12636859560078
-0.3050633573424608,-0.31049672918573434,0.5137289409045376,0.08030234521216986
-0.943052389070729,0.3492792662236677,-0.15350207768507396,-3.0569877659078766
-0.29776091094052415,-1.0,0.1489028806624424,3.1207473238490104
-0.05005639512116877,1.0,-0.7084268663419526,9.076007854076638
-0.27362669038763965,-0.1850670648514363,0.14392204431280087,0.271549041311894
-0.0049679465200005435,-0.7864409289981895,0.4386476246478024,0.21678464212344695
-0.37497949891262916,1.0,-0.07178682372382239,6.007228749976152
-0.7440081632514788,0.32841816048309114,0.39437349047964454,-2.9917541277381594
-0.46327421553547654,1.0,0.17703088174979698,5.584311146158436
0.1788042492158164,0.8727993027041299,0.168155165672917,3.509603368118697
1.0,-0.24021811496731527,-0.5423406578228893,4.989164587347613
-1.0,0.05456344164296456,0.7101612130337138,-2.8150947051089217
0.1751561780925781,-0.7088427816863978,0.5147963860761366,1.1729668984399175
-0.6431952497299842,0.645850218715255,-1.0,-1.8044965566984974
0.7755099774996936,0.33802163213105496,1.0,7.472888841117145
-0.9390923104219924,-0.2853624473738374,-1.0,6.458143721514913
-1.0,-0.4901905788175369,-0.0748682904431146,-1.7252359889802553
-0.2691291986000648,-0.2531678242323605,0.22891111678930764,0.35316384685614644
0.056335629464282055,0.9445470520016832,0.431075588344743,6.08824430741625
-1.0,0.1904214544025653,-0.3968586797070932,-3.3270178840791793
-0.9765753967493647,-1.0,0.45859211832671143,11.669949833533254
0.9960927707219012,-0.9137104110463721,-0.3511401911561365,-3.634888421635351
-0.3547156564520264,0.0015763717576120495,-0.6345508494352523,0.6570852630759658
0.5831527865701669,-0.8336046790254126,-1.0,-13.022132659663189
-0.9010027065842168,-1.0,1.0,12.988348537149262
0.1978977719102324,0.38247028732733157,0.08667188925101255,0.6127648983596193
1.0,0.3937092858336053,-0.3516929581760362,5.118963102877406
1.0,0.007244037285727423,-0.4614416845041056,4.366563661972558
-0.3942960983127808,0.0014294004985015984,0.08842181437466068,0.3068217372744487
1.0,-0.11257452946498603,-1.0,7.481027347784129
-1.0,0.9668493056238519,-1.0,21.455967352890685
-0.5536894410588771,0.9995757601769029,1.0,15.446721810669281
0.27401332000948786,-0.9380484111293699,-0.07658891468884788,2.236789728092878
-0.11586386522600223,0.10053614214654427,0.6462731850338639,-0.5740199789205817
0.3470110556895898,0.9838824113541287,0.16612003302474365,7.29017914419886
1.0,-0.5644878873209365,-0.5151982241841,4.778211616056312
-0.7865866051585721,-0.19046171794787425,0.4692344640017114,-0.10263427642606837
1.0,-0.11068279568436612,1.0,10.046981129563205
-0.12064374989725613,-1.0,-1.0,-16.128819197548445
-1.0,1.0,0.08645163692294133,6.56756655794308
-1.0,-0.2755875941087651,-0.10079671862097572,-3.612222299605782
1.0,-1.0,-0.2968554792252982,-9.30363791113006
0.20964319309722512,0.37053184674422135,0.5568828571928701,0.8235522984231178
0.8735052304773832,-0.8524814206182962,-0.08912796493576791,-0.7202470639583193
0.9357233007102346,-0.052492045068780246,-1.0,4.1421209847091385
-0.35552614713059394,0.8511012319979021,-1.0,-3.0275503943438817
-0.10986697744652396,-0.5655649991948914,-1.0,-6.483368460769617
-0.05691905947427589,0.49465655625697824,-0.8140454184885293,-0.9223727546058963
-0.9123331351980688,-0.3035003291670286,-1.0,5.586972747070427
0.2452633262781554,-1.0,-0.6440362633534704,-4.167386995936891
0.12420646967958682,0.8093376052526216,0.06188209839116521,2.2375663500057903
-1.0,0.7011943332807464,1.0,8.209199425375989
-0.6920520539003254,-1.0,0.08312796193772587,5.219371559049833
1.0,0.5423491705709433,-1.0,13.072856778891724
-0.9227438190276767,1.0,0.4473909131010487,2.4144342548611597
0.610924264608494,1.0,-1.0,8.363613837684884
-0.681398273110295,-0.9534171415625918,-0.62609114893091,2.064243438867901
-0.6538558382315134,-0.7894401922190104,1.0,2.699743893315126
0.7399225743341431,0.6027852891613468,-0.7244324031354026,2.1194261793199076
-1.0,-0.2743762792393416,-0.18037981791365443,-3.346336211908975
0.19226677986229923,-0.02062007029069779,0.5848730705752518,1.1961129095049188
0.31635610013064164,-1.0,-0.560901368387162,-2.307346409422122
-0.6599491351778999,-0.15165884491851322,0.3922774031056375,-1.255092077738241
-1.0,0.685717278127643,0.3241244707050017,-3.547757986392863
-1.0,0.4741980272186823,0.21778761245626233,-3.3225318919580107
-0.10610477369759286,-1.0,-0.4918107796554474,0.07085443183442333
-1.0,0.9047804258858083,0.01434891148493267,3.626402662132501
0.20618175907032388,1.0,1.0,11.51139831513642
-0.6073204385099098,-0.07701302916549135,0.28652460894899545,-0.33339566883769456
0.38957179134827347,-0.2893179468772402,0.15881157501067245,1.53792195900157
-1.0,0.29731442360585936,0.5978591746870103,-4.292997178125233
-0.35253448203469007,0.1042679660378445,-0.7780077551029583,-0.17128576926035094
-0.6481261503213691,-0.24948112179568915,-0.7327791465614395,0.3396117341241186
0.5149012621196067,1.0,-0.34583309634506665,10.133333303233368
-1.0,-0.40937018264132163,-1.0,6.504977959928712
0.5822424032112641,1.0,0.7173395318575955,7.452695754490702
0.8502817313013589,1.0,0.7221058705327412,10.883951651757021
-0.20638074476472612,0.1546916427087599,-0.911703205254065,-1.1528750112411308
-0.826582512263796,0.46306634114915246,-1.0,5.617189366334516
-0.31478889642088737,-0.5221483818939643,1.0,0.337916072128017
-1.0,-0.1337665850840395,1.0,3.917897795794345
-0.6417341369790748,-0.8351724410593133,0.02710882784891222,3.9846932836989057
-0.3924416814961815,0.07104269468841662,-0.4479815172163104,0.391051761121282
0.30468448000228765,-0.22809204997120625,-0.46382849435823137,0.5790510573972283
0.40545832093623013,0.3335346239865393,0.6338371603249024,1.3490807622212346
0.7575167436706485,-0.05135762851035519,-0.5957970640798562,2.0813941401839453
1.0,-1.0,0.3439781634921857,-6.74203558796199
1.0,0.15550829898009155,0.007372498259290872,6.099742781732576
-0.5732496888896448,-0.13280305126445424,-0.8560821133976759,0.779640919688825
0.9072273653426479,-0.12237405809390034,0.7252185262063164,5.621969867081783
-1.0,-0.6150187577412298,1.0,11.19854250036392
0.33144001100512144,0.3639719660169427,-0.19622712152610755,1.7521680427745825
0.630244197664505,-0.5245566705655182,-1.0,-6.3754949141909645
0.43832213805112485,0.34690670864314566,0.01753484552052509,1.286006133260965
0.4055310410048776,0.126033286517242,-0.698491398825468,0.8923609228303899
0.1897581516798028,1.0,-0.6763061760360454,10.006584521666689
0.3263012004729757,0.7836398543453875,0.4487466753147429,2.3613791064476057
0.39601626510828947,0.3537684622738304,0.34287110362442563,0.8310528316644463
-0.6269936081281189,-1.0,0.04756606946414732,5.360492601964889
-0.4225863822627012,0.0554926483137812,0.3083548539546068,-0.307616376571919
0.4276484605910953,1.0,-0.12389148889919954,8.694885973881282
0.6551777763120645,-1.0,-1.0,-24.455317885793914
0.5193217386126612,-0.5867018386306526,1.0,-3.955151524310187
1.0,-0.6585814176842786,0.3798003294915515,3.108402005058718
-0.9847978912554636,1.0,0.2070379929456274,4.7333640933537255
-0.6170845208170161,-1.0,1.0,-0.052101847812001556
-0.6881388823341485,1.0,-0.6171366568716845,3.989950584700355
1.0,-0.3152385795725783,0.27930321581311945,4.654267759125346
0.12167825594880988,0.5325163331635165,-1.0,-3.588634816433378
-1.0,-0.6688372390585497,-0.2922702162273254,0.44549166729938716
0.51729971683443,-0.23798127553056947,1.0,-2.332181813880162
0.34738264968135857,1.0,-0.4202970838425515,10.77527898680294
-1.0,0.3896112053065348,-1.0,16.43161498577648
0.34845122635803083,-0.029164844074084595,0.9192923151222445,-1.197258998020171
0.08676600029051218,0.24574661977019496,-0.18510319681498877,0.45141222710301265
-0.5123209195809537,1.0,-0.272086380844091,6.863768315777953
-0.40016664762602816,0.13517755862353487,0.2786547886285986,-0.5980061202897445
-0.5661117115915524,-1.0,-0.9657986422701643,-8.968434516068132
0.4607516480761813,0.5981058266255914,-0.7875258334915145,0.8320791319902101
-0.23478695986860654,-1.0,-0.6364414322188896,-2.0476661746168223
-0.45713464966282014,-0.26669509982858997,0.4888498361058442,-0.5877258689865608
0.9563104196465619,-1.0,-1.0,-29.74960059070757
1.0,0.25067632176618515,-0.15177529173809767,5.3939406243722265
0.6691153436805142,0.48674798141135955,0.35794263725131237,1.8182799684802713
-0.47475757548887576,0.6636732750827468,-0.5039437298974654,-1.2209755376939633
-0.400612220685858,0.7146508250292969,-0.0878980467152779,-1.0522355886879975
0.9955260889680004,0.7522380186567896,-0.4031452958148982,7.648259850438626
-0.9027683945528424,1.0,1.0,16.675837101524728
-0.9518177265479144,0.7134083049823601,-0.09679130600255292,-1.4046295818643977
1.0,-0.21878604378843192,-0.9862243674245612,6.24403330480361
-0.0963669267357794,0.11424445887017853,0.08341854560692963,0.6026694633904586
0.46213330428627053,-1.0,0.10368348273549088,0.032353070424135155
1.0,-0.30317301488007264,0.8266802461072194,7.232359695499837
0.01836070743744944,1.0,1.0,13.23603691816667
1.0,0.4656451330174034,0.33753350308162666,8.011761765509817
-1.0,-1.0,-0.24150995599473135,6.3197585152352875
-1.0,-0.8454827492176951,-1.0,4.286478552517758
0.5836524208392144,-1.0,0.22694732192003997,-1.5765486582296921
0.5608686818116204,0.7881571357081023,-1.0,-1.4185072207717169
0.6446352854324449,0.2531631887033705,0.5576758164229181,2.6412512486954043
1.0,0.23431057040445635,0.7566974959652386,9.996864930258468
-0.7463631702348197,-0.013143702178053163,-1.0,3.217523750439798
-0.2987548081255982,0.5166568484987013,0.025858610539041704,-0.6385356777701836
-0.5291976916076928,-0.9166614356650116,-0.42319063135574164,3.1450579297261645
-0.07717976820806705,-1.0,0.4664194562919033,0.6250119667732914
-0.04941594926975146,-1.0,-0.6091611154651912,-2.263777052834592
0.27296008557361584,0.13383796989917718,0.3392760700810884,0.3053238579680382
-0.8139623862398742,1.0,-1.0,5.204934979817811
-0.6018592181558402,-0.45955754695887263,0.7359270301117482,1.2610712637044144
0.35057543469343866,-0.40065947927481926,0.09236919267401533,1.3963750857528612
-1.0,0.15250029869970083,-0.8166438812525456,3.8813322720445713
0.47757410173142123,-0.40600971035095146,0.557495555708045,0.9218649999978479
-0.8671582178871056,1.0,0.8734804953607793,7.662002902141162
-0.3673582808348934,-0.35980268222585243,-0.4649070347319635,0.6516544368268282
-0.23876994090048886,0.07450970598280593,-0.3333447762031254,0.26041967114144604
-0.5542773977243252,-1.0,0.4898798218173537,3.1597381413793633
0.42743564915063237,1.0,1.0,10.72881317197529
0.5786260853906819,-0.8656531795342435,-0.526144654966866,-0.46803925764887133
-0.23131274374361532,-0.1099051198849259,-1.0,-3.0427722894278055
0.8595077956062629,-1.0,1.0,-7.764429070909959
-0.23541391315401405,-0.6473526622863384,-0.5637214050613388,0.6388800673119105
-0.01351442025703875,-0.14360347893086822,0.7543904049295382,-0.19815715769926998
0.9828803611853381,-0.4281324498713468,0.16945693004675655,2.907977281859139
-0.5848238568356623,0.543707260648687,-0.26278813675580226,-0.8193852960267127
0.45216566181187434,1.0,1.0,9.248029392864789
-1.0,0.04185922621159888,-1.0,11.476365205130614
-0.24878277870635923,0.4761056981918468,0.0542405414247884,-1.0838009133598747
-0.6414220147830101,-0.14659818581871753,0.48189180174980195,-0.35737386319359754
0.22905759806340376,-1.0,-0.4198599930319691,0.3320943314856788
0.4010765444747175,-0.1824932985757064,-1.0,-4.364387655218954
0.45408210571531016,-1.0,-1.0,-21.511525984959423
-0.9512192898067002,0.4969884107635223,0.3023350794045079,-4.102940117923836
0.5634993807106112,-0.9746796188557036,-1.0,-20.80473004704525
1.0,0.7726967332382828,1.0,26.054305718527843
0.17866596811083002,-0.28556407305239206,0.8451525577083023,-0.4479277279768959
0.4577322823253409,0.4531016027826613,0.17090900715894852,1.723385657537165
-0.008636114036985276,-0.0976961537965404,-0.19517992368582693,0.09436883622624659
0.7521520451091068,1.0,-1.0,14.011269771883583
0.26643380090937874,-0.6915412440876338,-1.0,-8.665538088314102
0.9371970522012001,-0.013268678046604032,0.2566411156726227,4.059256811346443
-0.5626218929898752,-0.9551205886141847,1.0,-1.0454087232282552
1.0,0.060092418008927284,-0.7141605513102436,5.244125967501446
0.7393911833132254,-0.07853691961157949,0.6485692442024036,1.8511088954329837
-0.3829431194410611,-0.9270574078584994,1.0,-2.7895928357943323
1.0,0.431982409557075,-0.668160100128617,5.744837107132003
-1.0,-1.0,-0.40147455367508633,4.836154031023362
-1.0,-0.8563400735798237,0.6898286780966711,10.111402652814064
1.0,-0.31791478443201626,0.42900529585389036,5.472261139377851
0.9214006318087671,0.9761323646472182,-1.0,25.763836307997096
1.0,-0.4218830530269104,0.5392636414578529,5.27398878923087
-1.0,0.14107507061176872,0.9592912106638898,2.561490570433553
0.6997437217291833,-0.7940389586770566,1.0,-4.564223197213902
0.9338076742327637,0.4443402915779642,-0.45023427233244306,3.844799126252357
-1.0,1.0,0.8240176841643247,4.512812549884275
-0.4536071309344485,-0.2729857291396922,0.3040298287488661,1.0274208310511406
0.8915342963243655,-1.0,-0.4649317454388098,-8.385853388677507
-1.0,1.0,1.0,16.802841029785608
-0.02701772037763872,-0.849773901224461,1.0,-4.000024031031542
-1.0,0.9257234105222927,-0.1157264163859808,6.072405807905481
-0.3447734913448124,-1.0,1.0,-4.508528093472093
-1.0,-1.0,0.26322430129099295,10.336635714260872
0.421734590487409,-1.0,-0.9739553085300545,-18.2938131272539
-1.0,-0.4538525199906822,-0.8655233616853975,2.3550892585913554
-0.6793476396110856,-0.7507401035055044,0.426525172320249,2.114325160278087
-1.0,0.813921055591462,0.05282552982464317,0.5281378624890608
-1.0,0.7492226359501657,0.2954109149863735,-2.0688955810330074
-1.0,1.0,-0.5981365671573118,12.082121967483763
-0.5163205693539616,-0.10759791802294072,1.0,1.8908746470462556
-0.07448194612091874,-0.9184315433969177,0.1585107998422861,2.9870075767605764
-0.85348582842587,-0.08734061616768596,0.6844303081304377,-0.9017730847031428
-0.4725232002564044,0.019945811997047036,-0.8317010015148438,-0.14291503679863593
0.11549197507213282,-1.0,0.5331163473574607,0.06830128742164221
0.5814402220015373,1.0,1.0,10.250149661671532
0.3270808998844412,-0.38350605709954544,-0.3037439920294571,1.3341346552847302
-1.0,0.0148168190144633,0.3487426132586615,-4.537478741374062
-1.0,-0.7217313207387983,0.24769468753231805,2.9887761147143843
-0.8636538755886092,-0.6092671244192178,-0.578632174375505,1.2191518834668265
1.0,0.3611801604588143,-1.0,11.03961472571184
1.0,-0.7709300988805772,0.5744436392420598,1.657600934795691
0.706508918356491,-0.16718000471979244,0.9639673498066592,0.5034512384152643
0.8216726459043175,-0.21159260805382996,-0.18808396637782687,1.6776222289584175
-1.0,0.5097387811333338,-1.0,17.013668497518665
-0.19202596798233817,-0.5382466350132749,-0.4673242476787258,0.7520566915728715
-0.7805306968259855,0.23115899931688366,-1.0,5.665443558047935
0.5200288867401242,-0.6266513281419177,1.0,-3.5707744897873654
0.36740614283694706,0.09024248212512553,-0.22640308806449583,0.9395077508600505
-1.0,-0.012989258715457419,1.0,3.6524752503938203
-1.0,0.1788597431631329,-1.0,12.77750320753504
-0.4492485904507775,0.5674637661846977,-1.0,-3.409919924210179
0.5355563938717021,-0.2309054256111105,0.9095305222728647,-0.4463263518816566
0.04615117103852584,-0.724614510367781,-0.9807944489854681,-7.884767936155439
0.28659752941803207,0.74505883620573,-0.2268791567993722,1.9556290626201491
-0.4602697937003517,1.0,0.7607296828996855,9.120985080085367
-0.5653513518332514,-1.0,-0.5478038721250555,0.45575618777516425
-0.14696093727077852,0.7739712450954257,0.22486624575043979,0.61458287885174
1.0,0.5974935127530681,0.6847825864151542,13.803212147733792
1.0,1.0,0.8378437619544616,19.84731417381608
-0.7786308982155541,-0.3576035426595865,-0.3483676472163817,0.7311359266699442
-0.18420380193487995,0.5391650923112388,0.1704752780009533,-0.38374484794606295
0.05684982822768436,-0.8741991354719232,0.33803483553447244,0.8540729326661229
-0.24727604090743993,-0.330326060989824,-0.8527530581056784,-0.28746260584716515
-0.8847437996384755,0.15444294908070844,0.13238664455984384,-3.4033566031107987
0.5584457110180128,0.5427812825290534,-0.24244465382573233,0.7225275137411834
-1.0,-0.41298649331819703,-0.8161383763918013,0.18053491917133746
0.12456962853545606,-0.5053182646802379,0.2547923994058625,0.3083540862335331
-0.8336352250692907,-0.20029808729519272,0.6865549086482383,0.3099130801315261
-1.0,-0.2646902829997222,1.0,4.92563858933666
0.3526252323140404,1.0,1.0,10.240342442591839
0.3505903206873575,0.5005623116707363,0.782009386847254,1.9421662601990166
-0.33198057331690234,-0.46731208552291914,0.22908924988497614,0.4947444953727023
0.37943999570645115,-0.5464408368263924,0.600903365109082,0.9808600585776965
0.3587924632749324,-0.18871518955842892,-0.32369328929051644,0.9167658984920143
0.5699897722496758,-0.9747123214190623,1.0,-6.300614103375025
1.0,1.0,1.0,25.87205961884087
1.0,-0.14580587121940147,0.2165813247967172,5.099103918877334
-1.0,0.08884986504596659,0.1642676058260224,-5.102936600018416
0.40061317394996676,-0.5386356634352172,-0.6345112616532231,0.36191601688140884
-0.3914139772330587,-1.0,1.0,-3.5254437731542545
0.7070182648606078,0.45374435146728564,-1.0,-0.19923998273947113
0.32856468816431117,0.6444769570373683,-1.0,-3.2812408037330196
0.9527010440146637,1.0,0.1315785993402514,12.340964178778952
-0.45228667703984726,-0.1726602272527482,-0.3647163050414872,0.08421670072044807
-1.0,0.5528618859359646,0.5903530884083383,-4.587229218475544
1.0,1.0,0.7216010349258097,17.46063636481301
-0.5160578912574771,0.07397435817619535,-0.5831821220442188,0.02460902736321363
-0.07632098935394427,0.5631449163292492,-0.6147698252591516,-0.3334444204689119
-0.14149564013321325,-0.5258195612779855,0.5300101801005177,0.3660426459744681
-1.0,-0.6574241775680028,-0.2238690564982233,-0.4934378128434638
-0.2660287657142735,0.37296259995595116,0.5211920827658907,-1.3604975074075354
-0.22674829902917093,-0.3211302024942877,0.022530686403901434,0.8197984351090233
0.4249247153624094,0.05488100094348547,0.1904024786894969,1.4862859842560556
-0.05257776175370088,-0.031825348981318724,-0.48665941895674747,1.3236513910207242
1.0,1.0,-0.8468395660403352,31.638276730263957
-0.3104693512931209,-0.9180585881211281,1.0,-3.360278236075593
1.0,-1.0,-0.6952517006288099,-14.894635383682818
0.35206415982693406,0.35520082010321175,-0.5008343058411313,1.0335710055673515
0.35631410092089055,-0.059759150622443746,-0.06282938388789616,0.9761959585057902
0.037723084999909506,-1.0,0.14153435218896404,2.0215945025880675
0.9906904747987015,-0.8273195642968199,-0.14046172831926262,-0.08998231238077009
0.1326840239984799,-0.4104388099603449,-1.0,-5.090249686483941
0.026976085339720512,-1.0,1.0,-6.9702742716385435
1.0,-0.28155052596847163,-0.193463598992075,4.554625408149009
0.6724437986394642,0.3105052883314896,1.0,4.014316171160888
0.8650087781367122,-0.5017873927672085,-0.002123585486148327,1.8787191638784015
1.0,-0.4672791897688433,0.33945154104049613,4.960518744104576
1.0,1.0,0.191994437947542,13.141755277315164
-1.0,0.7837594051425323,-0.6906096182583774,7.262394075054121
-1.0,-0.2080282582841506,-0.09864208594490842,-3.656493878279916
-0.17519267772272773,1.0,-0.5070139628043078,8.829468215762446
-1.0,0.36615674193628145,1.0,3.907055374218621
0.9881271286082616,1.0,-0.4398133988010755,18.95427643917884
-0.87826419343885,-0.1486534020558068,0.14494104714978917,-1.729444429205331
0.19564496845789203,0.7062014767719547,0.8009673302248472,3.1856589801451056
-0.45094299843568386,0.02607660517266064,-1.0,-0.4514343356439887
0.16104366293740013,-0.8876527526586555,0.622401158727065,0.006667820683163017
1.0,-0.8492963624250474,0.21788395472273403,-0.6609677521412455
-0.9303608554619656,1.0,-0.05342786183751924,6.822922732248424
0.013434345697578953,-0.9544809274158945,-0.2980650531276843,1.173501368165092
-0.887707038776105,1.0,1.0,16.037181825139076
-1.0,-0.11207077375705166,-1.0,9.188712195063676
-0.04249519727809181,-1.0,0.036552812899893095,2.5357121189182736
-0.02010469074783061,-0.6072982791727652,0.2800469848854772,0.47992466666213607
0.39735571571790573,-0.22290800735085203,1.0,-1.5502828607079557
-0.035056554472361556,0.6390063968843029,0.05833625547708121,0.3238170224286878
-0.13884557137975784,0.07892367654295884,0.9707469188859803,0.22856050256586968
0.6435599616469361,-0.07353361864255281,-1.0,-2.7118265153049714
-1.0,0.4996648235024146,-0.029586628211905275,-2.9456344421947245
1.0,1.0,-1.0,39.40081062823284
-0.6378932803180513,0.4593964816584988,-0.9105355524644996,-1.6208884483055637
-0.1561090654530266,0.7486463424828236,-0.5365703670975848,0.7351302855965568
-0.6657994614997298,-0.39828201637925065,0.1973244893276591,0.7631068464417541
-0.20484247629950914,-1.0,-0.40294589512043055,0.8679566987023759
-0.35840405821005894,1.0,-0.4797986324452148,6.748362316952639
-1.0,-0.6467867604140121,-1.0,4.724223019053835
-1.0,-0.7978254979780688,0.2803711239500102,4.280450343897636
0.9364545819638432,-0.7555058012728142,0.0012786848983907806,0.8257548595334752
0.2749264127300508,0.5699696299706316,0.5860398617308205,1.0326594319077307
-0.4949821989531977,-0.44308962359947035,-1.0,-2.144872099876352
-0.16106054129349956,0.12222776729552631,0.33269973137985653,0.27783215523345234
0.3331899972400707,0.07657948362432743,0.8263250048830426,0.39530923162359044
0.5889368710483252,-0.4706117740239726,-0.5201844584433422,1.283434877359999
0.8810636286133067,-0.13472194919793234,0.4246393092714378,3.9611123159227093
-1.0,-1.0,-1.0,3.680827452077568
0.8191427135251856,-1.0,-0.7653615228978972,-13.059280710061405
-0.4994191064092621,-1.0,-1.0,-12.314518422937438
0.16128828057083666,1.0,0.7762549181090797,9.649408426888614
-1.0,0.8700207155572204,-0.1774124159548669,3.8555832667064722
0.7309811192333979,1.0,-0.48877662963744806,12.283084169804164
-0.2347536222461395,-0.06000950925168391,-0.004798836678529428,-0.9998455802287347
-1.0,1.0,-0.21900847214743457,10.874336648054799
-1.0,-0.0306744189425463,1.0,3.285293894618177
-1.0,0.4045763964245124,-0.7214185424816117,4.121054057286427
-0.33285413673030373,1.0,-0.7799210569095909,5.825055751002688
-0.34180678520500574,1.0,-1.0,1.3664193833241536
0.06391590663486979,-0.69002040413942,0.5949325129019245,0.3835209740308907
1.0,-0.28770393380269077,-0.19959256899089817,3.0895201884915933
0.09177762472885997,-0.18487130330142088,-0.541409979574883,0.9407556948071673
0.8437137769348655,-0.6933346662935231,1.0,-1.5563715227000459
0.2290361186846488,-0.8291505229982299,1.0,-3.95262017355802
-0.13920611474700095,0.35811030316070824,-0.26198934273966135,-0.14204650264795432
-1.0,-0.275754587067756,0.04508102398098002,-3.2696689923646938
0.2615733513865921,-0.17642201474556374,1.0,-1.7342413038243736
